日期,人次
2017-01-01,1881644
2017-01-02,1611187
2017-01-03,2085175
2017-01-04,2101443
2017-01-05,2120337
2017-01-06,2314352
2017-01-07,1937634
2017-01-08,1567751
2017-01-09,2045259
2017-01-10,2089019
2017-01-11,2114250
2017-01-12,2138221
2017-01-13,2359014
2017-01-14,1933406
2017-01-15,1657793
2017-01-16,2085096
2017-01-17,2134714
2017-01-18,2154041
2017-01-19,2299776
2017-01-20,2366326
2017-01-21,2012182
2017-01-22,1829816
2017-01-23,2201983
2017-01-24,2237516
2017-01-25,2170093
2017-01-26,1900406
2017-01-27,790631
2017-01-28,1365770
2017-01-29,1404587
2017-01-30,1455450
2017-01-31,1609064
2017-02-01,1563403
2017-02-02,1988661
2017-02-03,2158018
2017-02-04,1989778
2017-02-05,1708957
2017-02-06,2143009
2017-02-07,2200629
2017-02-08,2242697
2017-02-09,2177183
2017-02-10,2357280
2017-02-11,2097391
2017-02-12,1825764
2017-02-13,2100706
2017-02-14,2164786
2017-02-15,2131304
2017-02-16,2139756
2017-02-17,2266985
2017-02-18,2226445
2017-02-19,1858209
2017-02-20,2125719
2017-02-21,2150944
2017-02-22,2139167
2017-02-23,2152590
2017-02-24,2343907
2017-02-25,1805330
2017-02-26,1719565
2017-02-27,1850801
2017-02-28,1614518
2017-03-01,2088270
2017-03-02,2082746
2017-03-03,2286334
2017-03-04,2009657
2017-03-05,1767325
2017-03-06,2100113
2017-03-07,2148167
2017-03-08,2201558
2017-03-09,2196081
2017-03-10,2398192
2017-03-11,2098085
2017-03-12,1829018
2017-03-13,2128030
2017-03-14,2166513
2017-03-15,2173542
2017-03-16,2210527
2017-03-17,2394927
2017-03-18,2115615
2017-03-19,1718679
2017-03-20,2080411
2017-03-21,2128111
2017-03-22,2180167
2017-03-23,2201499
2017-03-24,2399682
2017-03-25,1972933
2017-03-26,1653568
2017-03-27,2101086
2017-03-28,2141983
2017-03-29,2265063
2017-03-30,2172295
2017-03-31,2328590
2017-04-01,1821097
2017-04-02,1770690
2017-04-03,1709981
2017-04-04,1458729
2017-04-05,2058580
2017-04-06,2130010
2017-04-07,2335075
2017-04-08,2042040
2017-04-09,1769546
2017-04-10,2081239
2017-04-11,2143600
2017-04-12,2179344
2017-04-13,2179028
2017-04-14,2359435
2017-04-15,2059726
2017-04-16,1728420
2017-04-17,2047490
2017-04-18,2085030
2017-04-19,2137678
2017-04-20,2144884
2017-04-21,2363327
2017-04-22,2016698
2017-04-23,1752678
2017-04-24,2049638
2017-04-25,2094457
2017-04-26,2114255
2017-04-27,2155402
2017-04-28,2359528
2017-04-29,2027977
2017-04-30,1796867
2017-05-01,1764762
2017-05-02,2077880
2017-05-03,2140895
2017-05-04,2150702
2017-05-05,2350411
2017-05-06,1984044
2017-05-07,1746179
2017-05-08,2054209
2017-05-09,2087131
2017-05-10,2115085
2017-05-11,2121557
2017-05-12,2336489
2017-05-13,1914916
2017-05-14,1597316
2017-05-15,2034677
2017-05-16,2088784
2017-05-17,2110725
2017-05-18,2116909
2017-05-19,2403897
2017-05-20,2090508
2017-05-21,1792505
2017-05-22,2055062
2017-05-23,2071420
2017-05-24,2093947
2017-05-25,2117171
2017-05-26,2281500
2017-05-27,1763848
2017-05-28,1702175
2017-05-29,1655583
2017-05-30,1357266
2017-05-31,2095977
2017-06-01,2107018
2017-06-02,2063985
2017-06-03,1960262
2017-06-04,1508546
2017-06-05,2037286
2017-06-06,2075433
2017-06-07,2097990
2017-06-08,2095009
2017-06-09,2288723
2017-06-10,2025697
2017-06-11,1664051
2017-06-12,2029953
2017-06-13,2067159
2017-06-14,2051582
2017-06-15,2149397
2017-06-16,2273795
2017-06-17,1744245
2017-06-18,1503628
2017-06-19,2044528
2017-06-20,2066138
2017-06-21,2114792
2017-06-22,2140239
2017-06-23,2300609
2017-06-24,1940613
2017-06-25,1663229
2017-06-26,2013197
2017-06-27,2050309
2017-06-28,2071061
2017-06-29,2086858
2017-06-30,2314846
2017-07-01,1820472
2017-07-02,1642148
2017-07-03,2024841
2017-07-04,2054641
2017-07-05,2106355
2017-07-06,2119320
2017-07-07,2251187
2017-07-08,1912798
2017-07-09,1662013
2017-07-10,2073386
2017-07-11,2103855
2017-07-12,2138580
2017-07-13,2163060
2017-07-14,2252161
2017-07-15,1924814
2017-07-16,1657279
2017-07-17,2046562
2017-07-18,2087082
2017-07-19,2082781
2017-07-20,2104837
2017-07-21,2223758
2017-07-22,1859986
2017-07-23,1605936
2017-07-24,2016193
2017-07-25,2068046
2017-07-26,2084107
2017-07-27,2098313
2017-07-28,2204065
2017-07-29,1317347
2017-07-30,1055297
2017-07-31,1985582
2017-08-01,2052345
2017-08-02,2040878
2017-08-03,2104228
2017-08-04,2218507
2017-08-05,1912423
2017-08-06,1626024
2017-08-07,2042440
2017-08-08,2039859
2017-08-09,2117413
2017-08-10,2155811
2017-08-11,2285172
2017-08-12,2006184
2017-08-13,1688909
2017-08-14,2050724
2017-08-15,2114355
2017-08-16,2100176
2017-08-17,2114068
2017-08-18,2242805
2017-08-19,1947925
2017-08-20,1693514
2017-08-21,2046170
2017-08-22,2069924
2017-08-23,2130195
2017-08-24,2137625
2017-08-25,2270092
2017-08-26,2058549
2017-08-27,1676223
2017-08-28,2114443
2017-08-29,2056158
2017-08-30,2065918
2017-08-31,2060090
2017-09-01,2176595
2017-09-02,1750519
2017-09-03,1450522
2017-09-04,2000504
2017-09-05,1974435
2017-09-06,2082057
2017-09-07,2090316
2017-09-08,2223846
2017-09-09,1890974
2017-09-10,1607803
2017-09-11,2038934
2017-09-12,2080190
2017-09-13,1961897
2017-09-14,2000090
2017-09-15,2264586
2017-09-16,1955751
2017-09-17,1647140
2017-09-18,2034897
2017-09-19,2078692
2017-09-20,2117994
2017-09-21,2116962
2017-09-22,2308869
2017-09-23,1963260
2017-09-24,1629535
2017-09-25,2040449
2017-09-26,2069368
2017-09-27,2113029
2017-09-28,2125715
2017-09-29,2261488
2017-09-30,2156872
2017-10-01,1658578
2017-10-02,2075364
2017-10-03,2215663
2017-10-04,1401562
2017-10-05,2127944
2017-10-06,2306852
2017-10-07,1827524
2017-10-08,1691059
2017-10-09,1688369
2017-10-10,1522401
2017-10-11,2051121
2017-10-12,2073282
2017-10-13,2243423
2017-10-14,1703401
2017-10-15,1508694
2017-10-16,2075537
2017-10-17,2116464
2017-10-18,2144226
2017-10-19,2172063
2017-10-20,2356359
2017-10-21,2068226
2017-10-22,1785042
2017-10-23,2074996
2017-10-24,2111185
2017-10-25,2145367
2017-10-26,2162298
2017-10-27,2376917
2017-10-28,2101552
2017-10-29,1769441
2017-10-30,2097111
2017-10-31,2101501
2017-11-01,2105486
2017-11-02,2106264
2017-11-03,2328514
2017-11-04,1978109
2017-11-05,1704858
2017-11-06,2072711
2017-11-07,2101238
2017-11-08,2137529
2017-11-09,2172539
2017-11-10,2376216
2017-11-11,2076404
2017-11-12,1765559
2017-11-13,2104741
2017-11-14,2125633
2017-11-15,2156293
2017-11-16,2184194
2017-11-17,2410237
2017-11-18,2059414
2017-11-19,1758552
2017-11-20,2153672
2017-11-21,2129187
2017-11-22,2149481
2017-11-23,2183164
2017-11-24,2395615
2017-11-25,1960549
2017-11-26,1701884
2017-11-27,2085581
2017-11-28,2146194
2017-11-29,2170914
2017-11-30,2173133
2017-12-01,2373228
2017-12-02,2104832
2017-12-03,1830090
2017-12-04,2095622
2017-12-05,2149946
2017-12-06,2196152
2017-12-07,2242648
2017-12-08,2480232
2017-12-09,2250016
2017-12-10,1990108
2017-12-11,2154264
2017-12-12,2206207
2017-12-13,2234195
2017-12-14,2262797
2017-12-15,2504886
2017-12-16,2281846
2017-12-17,1979509
2017-12-18,2205205
2017-12-19,2232123
2017-12-20,2283916
2017-12-21,2280225
2017-12-22,2496342
2017-12-23,2443486
2017-12-24,2033090
2017-12-25,2289712
2017-12-26,2238948
2017-12-27,2269483
2017-12-28,2290867
2017-12-29,2495729
2017-12-30,2136793
2017-12-31,2411552
2018-01-01,1892689
2018-01-02,2143920
2018-01-03,2170179
2018-01-04,2179256
2018-01-05,2388112
2018-01-06,1887214
2018-01-07,1493275
2018-01-08,2132115
2018-01-09,2156262
2018-01-10,2177632
2018-01-11,2182447
2018-01-12,2364811
2018-01-13,1930661
2018-01-14,1642983
2018-01-15,2093015
2018-01-16,2125305
2018-01-17,2141075
2018-01-18,2171228
2018-01-19,2436177
2018-01-20,1944338
2018-01-21,1663166
2018-01-22,2080574
2018-01-23,2134817
2018-01-24,2185452
2018-01-25,2203663
2018-01-26,2397134
2018-01-27,2105904
2018-01-28,1688931
2018-01-29,2150714
2018-01-30,2168182
2018-01-31,2191859
2018-02-01,2193056
2018-02-02,2337039
2018-02-03,1832740
2018-02-04,1566358
2018-02-05,2146219
2018-02-06,2222891
2018-02-07,2229789
2018-02-08,2296853
2018-02-09,2448571
2018-02-10,1983158
2018-02-11,1744779
2018-02-12,2228577
2018-02-13,2192695
2018-02-14,1986361
2018-02-15,828217
2018-02-16,1417686
2018-02-17,1455593
2018-02-18,1744535
2018-02-19,1766862
2018-02-20,1595586
2018-02-21,2050183
2018-02-22,2129778
2018-02-23,2314380
2018-02-24,2037183
2018-02-25,1677109
2018-02-26,2183458
2018-02-27,2347481
2018-02-28,1689125
2018-03-01,2208392
2018-03-02,2370392
2018-03-03,2189937
2018-03-04,1761625
2018-03-05,2126205
2018-03-06,2172158
2018-03-07,2208949
2018-03-08,2235146
2018-03-09,2421058
2018-03-10,2162086
2018-03-11,1851377
2018-03-12,2151276
2018-03-13,2192620
2018-03-14,2226631
2018-03-15,2243023
2018-03-16,2451701
2018-03-17,2129137
2018-03-18,1869209
2018-03-19,2160088
2018-03-20,2168999
2018-03-21,2208595
2018-03-22,2221631
2018-03-23,2416723
2018-03-24,2109650
2018-03-25,1746307
2018-03-26,2135526
2018-03-27,2182642
2018-03-28,2205127
2018-03-29,2223897
2018-03-30,2318964
2018-03-31,2232624
2018-04-01,1695484
2018-04-02,2070107
2018-04-03,2188299
2018-04-04,1696141
2018-04-05,1520974
2018-04-06,1692734
2018-04-07,1742112
2018-04-08,1643673
2018-04-09,2055139
2018-04-10,2109343
2018-04-11,2144625
2018-04-12,2145791
2018-04-13,2348241
2018-04-14,1986881
2018-04-15,1652114
2018-04-16,2103720
2018-04-17,2173083
2018-04-18,2176531
2018-04-19,2184243
2018-04-20,2369960
2018-04-21,2082936
2018-04-22,1759747
2018-04-23,2092302
2018-04-24,2121136
2018-04-25,2216644
2018-04-26,2233684
2018-04-27,2396756
2018-04-28,2070878
2018-04-29,1767055
2018-04-30,2172282
2018-05-01,1828508
2018-05-02,2148788
2018-05-03,2172154
2018-05-04,2399301
2018-05-05,2048164
2018-05-06,1749668
2018-05-07,2120575
2018-05-08,2146290
2018-05-09,2180203
2018-05-10,2204206
2018-05-11,2398781
2018-05-12,1937126
2018-05-13,1613316
2018-05-14,2088620
2018-05-15,2121251
2018-05-16,2135883
2018-05-17,2149161
2018-05-18,2391488
2018-05-19,2026255
2018-05-20,1756784
2018-05-21,2089793
2018-05-22,2129475
2018-05-23,2130474
2018-05-24,2171405
2018-05-25,2375365
2018-05-26,2134084
2018-05-27,1762692
2018-05-28,2113232
2018-05-29,2118604
2018-05-30,2134324
2018-05-31,2148166
2018-06-01,2362724
2018-06-02,1923709
2018-06-03,1646979
2018-06-04,2062050
2018-06-05,2145610
2018-06-06,2171932
2018-06-07,2205994
2018-06-08,2385584
2018-06-09,2073045
2018-06-10,1678383
2018-06-11,2108424
2018-06-12,2166091
2018-06-13,2155274
2018-06-14,2169934
2018-06-15,2370914
2018-06-16,1834654
2018-06-17,1649000
2018-06-18,1291020
2018-06-19,2126737
2018-06-20,2143658
2018-06-21,2165567
2018-06-22,2298393
2018-06-23,1877736
2018-06-24,1559357
2018-06-25,2057797
2018-06-26,2118838
2018-06-27,2152176
2018-06-28,2200740
2018-06-29,2411810
2018-06-30,1940989
2018-07-01,1644710
2018-07-02,2097433
2018-07-03,2120848
2018-07-04,2145425
2018-07-05,2171399
2018-07-06,2332469
2018-07-07,1935216
2018-07-08,1676935
2018-07-09,2152933
2018-07-10,1707906
2018-07-11,1480662
2018-07-12,2194433
2018-07-13,2368328
2018-07-14,1955678
2018-07-15,1674781
2018-07-16,2110504
2018-07-17,2162029
2018-07-18,2180684
2018-07-19,2181773
2018-07-20,2320939
2018-07-21,1895913
2018-07-22,1640375
2018-07-23,2092905
2018-07-24,2115266
2018-07-25,2157178
2018-07-26,2178010
2018-07-27,2294189
2018-07-28,1987257
2018-07-29,1682360
2018-07-30,2080974
2018-07-31,2138606
2018-08-01,2136088
2018-08-02,2159632
2018-08-03,2283247
2018-08-04,1898710
2018-08-05,1680243
2018-08-06,2099299
2018-08-07,2166263
2018-08-08,2148228
2018-08-09,2194682
2018-08-10,2353117
2018-08-11,1994179
2018-08-12,1682303
2018-08-13,2134561
2018-08-14,2194706
2018-08-15,2214075
2018-08-16,2243761
2018-08-17,2367374
2018-08-18,2012712
2018-08-19,1681781
2018-08-20,2110534
2018-08-21,2138241
2018-08-22,2171375
2018-08-23,2165213
2018-08-24,2256295
2018-08-25,1734982
2018-08-26,1629709
2018-08-27,2099962
2018-08-28,2124949
2018-08-29,2117994
2018-08-30,2123387
2018-08-31,2296449
2018-09-01,1874722
2018-09-02,1591671
2018-09-03,2102499
2018-09-04,2105251
2018-09-05,2134143
2018-09-06,2162872
2018-09-07,2305629
2018-09-08,1850217
2018-09-09,1480364
2018-09-10,2150791
2018-09-11,2189847
2018-09-12,2190339
2018-09-13,2204212
2018-09-14,2371364
2018-09-15,1900038
2018-09-16,1637787
2018-09-17,2141013
2018-09-18,2175017
2018-09-19,2198186
2018-09-20,2218486
2018-09-21,2413658
2018-09-22,1797040
2018-09-23,1574708
2018-09-24,1373897
2018-09-25,2163066
2018-09-26,2220412
2018-09-27,2248167
2018-09-28,2382813
2018-09-29,1929194
2018-09-30,1748049
2018-10-01,2153476
2018-10-02,2205744
2018-10-03,2245628
2018-10-04,2256017
2018-10-05,2460599
2018-10-06,2128241
2018-10-07,1726202
2018-10-08,2165851
2018-10-09,2330585
2018-10-10,1694400
2018-10-11,2224162
2018-10-12,2449482
2018-10-13,2011739
2018-10-14,1761584
2018-10-15,2160640
2018-10-16,2205709
2018-10-17,2239676
2018-10-18,2277512
2018-10-19,2463170
2018-10-20,2165753
2018-10-21,1853374
2018-10-22,2145476
2018-10-23,2192443
2018-10-24,2219639
2018-10-25,2250438
2018-10-26,2442244
2018-10-27,2196271
2018-10-28,1821356
2018-10-29,2159886
2018-10-30,2190421
2018-10-31,2231201
2018-11-01,2226597
2018-11-02,2409613
2018-11-03,1983661
2018-11-04,1663658
2018-11-05,2154617
2018-11-06,2194757
2018-11-07,2206057
2018-11-08,2265445
2018-11-09,2474754
2018-11-10,2168311
2018-11-11,1833538
2018-11-12,2169906
2018-11-13,2201844
2018-11-14,2237341
2018-11-15,2273326
2018-11-16,2512365
2018-11-17,2133854
2018-11-18,1946167
2018-11-19,2223386
2018-11-20,2210547
2018-11-21,2242017
2018-11-22,2294923
2018-11-23,2553558
2018-11-24,1825897
2018-11-25,1754725
2018-11-26,2193976
2018-11-27,2200847
2018-11-28,2233194
2018-11-29,2278590
2018-11-30,2487108
2018-12-01,2205030
2018-12-02,1896436
2018-12-03,2176176
2018-12-04,2214693
2018-12-05,2240309
2018-12-06,2271993
2018-12-07,2532183
2018-12-08,2308079
2018-12-09,1914463
2018-12-10,2224711
2018-12-11,2242007
2018-12-12,2273685
2018-12-13,2317978
2018-12-14,2560315
2018-12-15,2457270
2018-12-16,1992375
2018-12-17,2238091
2018-12-18,2284170
2018-12-19,2320121
2018-12-20,2343012
2018-12-21,2478462
2018-12-22,2411726
2018-12-23,1929128
2018-12-24,2395063
2018-12-25,2417781
2018-12-26,2351732
2018-12-27,2381431
2018-12-28,2554576
2018-12-29,2087373
2018-12-30,1989881
2018-12-31,2362321
2019-01-01,1760411
2019-01-02,2251877
2019-01-03,2267856
2019-01-04,2447742
2019-01-05,1949462
2019-01-06,1556048
2019-01-07,2184757
2019-01-08,2221008
2019-01-09,2243786
2019-01-10,2289461
2019-01-11,2493667
2019-01-12,2072853
2019-01-13,1772436
2019-01-14,2191415
2019-01-15,2229810
2019-01-16,2242153
2019-01-17,2268140
2019-01-18,2525256
2019-01-19,2349805
2019-01-20,1840006
2019-01-21,2239301
2019-01-22,2252947
2019-01-23,2313276
2019-01-24,2331481
2019-01-25,2509979
2019-01-26,2171263
2019-01-27,1894095
2019-01-28,2301220
2019-01-29,2284864
2019-01-30,2317868
2019-01-31,2299461
2019-02-01,2266895
2019-02-02,1614227
2019-02-03,1271648
2019-02-04,796925
2019-02-05,1411543
2019-02-06,1496631
2019-02-07,1748744
2019-02-08,1739830
2019-02-09,1736708
2019-02-10,1598921
2019-02-11,2116445
2019-02-12,2203739
2019-02-13,2246663
2019-02-14,2330449
2019-02-15,2512145
2019-02-16,2349304
2019-02-17,2017041
2019-02-18,2267822
2019-02-19,2294378
2019-02-20,2305499
2019-02-21,2299050
2019-02-22,2402163
2019-02-23,2382112
2019-02-24,1682136
2019-02-25,2224469
2019-02-26,2272783
2019-02-27,2432183
2019-02-28,1950693
2019-03-01,2044948
2019-03-02,2053639
2019-03-03,1539906
2019-03-04,2186481
2019-03-05,2251547
2019-03-06,2275501
2019-03-07,2306964
2019-03-08,2531018
2019-03-09,2046180
2019-03-10,1704380
2019-03-11,2233236
2019-03-12,2297277
2019-03-13,2306198
2019-03-14,2300496
2019-03-15,2532543
2019-03-16,2183340
2019-03-17,1863734
2019-03-18,2242854
2019-03-19,2259753
2019-03-20,2281285
2019-03-21,2286563
2019-03-22,2470982
2019-03-23,2050917
2019-03-24,1663807
2019-03-25,2190786
2019-03-26,2274028
2019-03-27,2303289
2019-03-28,2317574
2019-03-29,2469378
2019-03-30,2075911
2019-03-31,1688163
2019-04-01,2144045
2019-04-02,2170948
2019-04-03,2272888
2019-04-04,1734088
2019-04-05,1564939
2019-04-06,1898865
2019-04-07,1628627
2019-04-08,2145020
2019-04-09,2182742
2019-04-10,2218141
2019-04-11,2240325
2019-04-12,2443592
2019-04-13,2041936
2019-04-14,1772517
2019-04-15,2194910
2019-04-16,2215593
2019-04-17,2289558
2019-04-18,2121603
2019-04-19,2484942
2019-04-20,2097858
2019-04-21,1761241
2019-04-22,2173779
2019-04-23,2236616
2019-04-24,2280709
2019-04-25,2290339
2019-04-26,2500511
2019-04-27,2143094
2019-04-28,1830228
2019-04-29,2229166
2019-04-30,2319637
2019-05-01,1852480
2019-05-02,2320578
2019-05-03,2534382
2019-05-04,2086864
2019-05-05,1819455
2019-05-06,2227456
2019-05-07,2236146
2019-05-08,2253765
2019-05-09,2282999
2019-05-10,2482256
2019-05-11,1984508
2019-05-12,1661140
2019-05-13,2160982
2019-05-14,2195865
2019-05-15,2236895
2019-05-16,2237898
2019-05-17,2459065
2019-05-18,2107080
2019-05-19,1822742
2019-05-20,2110995
2019-05-21,2207423
2019-05-22,2223940
2019-05-23,2238950
2019-05-24,2444438
2019-05-25,2124682
2019-05-26,1749160
2019-05-27,2134250
2019-05-28,2176470
2019-05-29,2275339
2019-05-30,2291844
2019-05-31,2480272
2019-06-01,2147337
2019-06-02,1712330
2019-06-03,2178186
2019-06-04,2213890
2019-06-05,2268732
2019-06-06,2395072
2019-06-07,1546569
2019-06-08,1800595
2019-06-09,1664227
2019-06-10,2168211
2019-06-11,2175323
2019-06-12,2249521
2019-06-13,2253201
2019-06-14,2426836
2019-06-15,2092138
2019-06-16,1752010
2019-06-17,2167954
2019-06-18,2201250
2019-06-19,2248160
2019-06-20,2271373
2019-06-21,2441732
2019-06-22,1973976
2019-06-23,1638722
2019-06-24,2153991
2019-06-25,2182196
2019-06-26,2227885
2019-06-27,2221342
2019-06-28,2454925
2019-06-29,1958248
2019-06-30,1671830
2019-07-01,2146712
2019-07-02,2137413
2019-07-03,2219484
2019-07-04,2215922
2019-07-05,2393004
2019-07-06,1992612
2019-07-07,1754112
2019-07-08,2189598
2019-07-09,2220828
2019-07-10,2254942
2019-07-11,2231285
2019-07-12,2383227
2019-07-13,2002296
2019-07-14,1709290
2019-07-15,2180620
2019-07-16,2234802
2019-07-17,2231463
2019-07-18,2138479
2019-07-19,2338875
2019-07-20,1932369
2019-07-21,1684521
2019-07-22,2157185
2019-07-23,2211189
2019-07-24,2257826
2019-07-25,2288938
2019-07-26,2418402
2019-07-27,2076734
2019-07-28,1794152
2019-07-29,2188165
2019-07-30,2232554
2019-07-31,2261987
2019-08-01,2261051
2019-08-02,2397796
2019-08-03,2104796
2019-08-04,1758758
2019-08-05,2201806
2019-08-06,2264649
2019-08-07,2302859
2019-08-08,2086871
2019-08-09,813958
2019-08-10,1973811
2019-08-11,1739375
2019-08-12,2247036
2019-08-13,2289377
2019-08-14,2277117
2019-08-15,2198038
2019-08-16,2426712
2019-08-17,2034991
2019-08-18,1693914
2019-08-19,2198403
2019-08-20,2249901
2019-08-21,2232619
2019-08-22,2295045
2019-08-23,2423155
2019-08-24,1726851
2019-08-25,1699301
2019-08-26,2181093
2019-08-27,2228851
2019-08-28,2242856
2019-08-29,2187409
2019-08-30,2311457
2019-08-31,1950131
2019-09-01,1622364
2019-09-02,2137875
2019-09-03,2196275
2019-09-04,2175996
2019-09-05,2217529
2019-09-06,2423333
2019-09-07,2025820
2019-09-08,1789739
2019-09-09,2216601
2019-09-10,2275028
2019-09-11,2308020
2019-09-12,2432243
2019-09-13,1543541
2019-09-14,1681426
2019-09-15,1510452
2019-09-16,2192473
2019-09-17,2251717
2019-09-18,2279794
2019-09-19,2308109
2019-09-20,2531483
2019-09-21,2020369
2019-09-22,1771175
2019-09-23,2212392
2019-09-24,2250153
2019-09-25,2286767
2019-09-26,2299459
2019-09-27,2478390
2019-09-28,1964310
2019-09-29,1769011
2019-09-30,701474
2019-10-01,2292059
2019-10-02,2319388
2019-10-03,2349609
2019-10-04,2470203
2019-10-05,2458688
2019-10-06,1824087
2019-10-07,2241757
2019-10-08,2297474
2019-10-09,2451561
2019-10-10,1940566
2019-10-11,1956760
2019-10-12,1960243
2019-10-13,1706602
2019-10-14,2186486
2019-10-15,2229916
2019-10-16,2277826
2019-10-17,2312855
2019-10-18,2494517
2019-10-19,2146871
2019-10-20,1853372
2019-10-21,2230754
2019-10-22,2286748
2019-10-23,2305184
2019-10-24,2313929
2019-10-25,2529368
2019-10-26,2314110
2019-10-27,1843143
2019-10-28,2222420
2019-10-29,2246516
2019-10-30,2274647
2019-10-31,2304229
2019-11-01,2462968
2019-11-02,2103402
2019-11-03,1717363
2019-11-04,2195311
2019-11-05,2251923
2019-11-06,2307192
2019-11-07,2334568
2019-11-08,2563253
2019-11-09,2253291
2019-11-10,1887435
2019-11-11,2300711
2019-11-12,2305479
2019-11-13,2335931
2019-11-14,2345824
2019-11-15,2615037
2019-11-16,2325753
2019-11-17,1984957
2019-11-18,2291053
2019-11-19,2300936
2019-11-20,2329448
2019-11-21,2355456
2019-11-22,2546311
2019-11-23,2192528
2019-11-24,1859871
2019-11-25,2251006
2019-11-26,2307430
2019-11-27,2349375
2019-11-28,2365068
2019-11-29,2596467
2019-11-30,2295646
2019-12-01,1914142
2019-12-02,2245875
2019-12-03,2319407
2019-12-04,2341696
2019-12-05,2368515
2019-12-06,2611112
2019-12-07,2262149
2019-12-08,2035733
2019-12-09,2299717
2019-12-10,2349695
2019-12-11,2372944
2019-12-12,2415867
2019-12-13,2653303
2019-12-14,2520095
2019-12-15,2158768
2019-12-16,2338102
2019-12-17,2372364
2019-12-18,2395700
2019-12-19,2408026
2019-12-20,2666951
2019-12-21,2338324
2019-12-22,1962469
2019-12-23,2382264
2019-12-24,2474867
2019-12-25,2519285
2019-12-26,2464296
2019-12-27,2656848
2019-12-28,2296395
2019-12-29,1775710
2019-12-30,2467977
2019-12-31,3058226
2020-01-01,1912376
2020-01-02,2374925
2020-01-03,2558016
2020-01-04,2129087
2020-01-05,1768367
2020-01-06,2271258
2020-01-07,2315724
2020-01-08,2363394
2020-01-09,2587789
2020-01-10,2676844
2020-01-11,1832582
2020-01-12,1748344
2020-01-13,2316428
2020-01-14,2341545
2020-01-15,2368797
2020-01-16,2482073
2020-01-17,2525762
2020-01-18,2144800
2020-01-19,1891267
2020-01-20,2409736
2020-01-21,2412886
2020-01-22,2306021
2020-01-23,1367770
2020-01-24,823042
2020-01-25,1317163
2020-01-26,1102658
2020-01-27,1342361
2020-01-28,1402794
2020-01-29,1313420
2020-01-30,1931841
2020-01-31,2086852
2020-02-01,1691268
2020-02-02,1484920
2020-02-03,2020831
2020-02-04,2014519
2020-02-05,2026231
2020-02-06,2051313
2020-02-07,2117014
2020-02-08,1491095
2020-02-09,1302791
2020-02-10,1931425
2020-02-11,1958035
2020-02-12,2017102
2020-02-13,2002347
2020-02-14,2145837
2020-02-15,1931424
2020-02-16,1314791
2020-02-17,1906401
2020-02-18,1959764
2020-02-19,1993584
2020-02-20,1986545
2020-02-21,2083012
2020-02-22,1566491
2020-02-23,1323670
2020-02-24,1908693
2020-02-25,2012908
2020-02-26,2023965
2020-02-27,2115355
2020-02-28,1361574
2020-02-29,1347324
2020-03-01,1149198
2020-03-02,1920433
2020-03-03,1946557
2020-03-04,1967579
2020-03-05,1991148
2020-03-06,2121249
2020-03-07,1490227
2020-03-08,1240403
2020-03-09,1926610
2020-03-10,1976406
2020-03-11,2005342
2020-03-12,1999505
2020-03-13,2143480
2020-03-14,1455450
2020-03-15,1301144
2020-03-16,1914348
2020-03-17,1931765
2020-03-18,1918564
2020-03-19,1879437
2020-03-20,1978607
2020-03-21,1268369
2020-03-22,1043664
2020-03-23,1756637
2020-03-24,1791363
2020-03-25,1798499
2020-03-26,1797541
2020-03-27,1898297
2020-03-28,1133521
2020-03-29,1014465
2020-03-30,1744636
2020-03-31,1799420
2020-04-01,1845643
2020-04-02,962873
2020-04-03,905704
2020-04-04,808192
2020-04-05,847314
2020-04-06,1686674
2020-04-07,1688570
2020-04-08,1695581
2020-04-09,1696547
2020-04-10,1835070
2020-04-11,1131027
2020-04-12,902668
2020-04-13,1683779
2020-04-14,1714591
2020-04-15,1747096
2020-04-16,1753337
2020-04-17,1876447
2020-04-18,1256336
2020-04-19,1012014
2020-04-20,1715455
2020-04-21,1725346
2020-04-22,1752413
2020-04-23,1788710
2020-04-24,1890535
2020-04-25,1196667
2020-04-26,955539
2020-04-27,1735076
2020-04-28,1797024
2020-04-29,1830615
2020-04-30,1901438
2020-05-01,1451720
2020-05-02,1239767
2020-05-03,1077659
2020-05-04,1787048
2020-05-05,1838018
2020-05-06,1865162
2020-05-07,1876475
2020-05-08,2042407
2020-05-09,1366497
2020-05-10,1085709
2020-05-11,1829944
2020-05-12,1859195
2020-05-13,1916673
2020-05-14,1908468
2020-05-15,2099428
2020-05-16,1421009
2020-05-17,1206519
2020-05-18,1838947
2020-05-19,1889817
2020-05-20,1957441
2020-05-21,1945501
2020-05-22,2061473
2020-05-23,1419080
2020-05-24,1315668
2020-05-25,1899565
2020-05-26,1925389
2020-05-27,1980776
2020-05-28,1960208
2020-05-29,2138344
2020-05-30,1609461
2020-05-31,1344631
2020-06-01,1899219
2020-06-02,1945257
2020-06-03,1994375
2020-06-04,1997320
2020-06-05,2153527
2020-06-06,1621665
2020-06-07,1261222
2020-06-08,1932639
2020-06-09,1987127
2020-06-10,2033346
2020-06-11,2032143
2020-06-12,2204197
2020-06-13,1718110
2020-06-14,1341695
2020-06-15,1959102
2020-06-16,2002364
2020-06-17,2021373
2020-06-18,2036790
2020-06-19,2125032
2020-06-20,1949123
2020-06-21,1369622
2020-06-22,1976424
2020-06-23,2045917
2020-06-24,2141004
2020-06-25,1219716
2020-06-26,1402495
2020-06-27,1469434
2020-06-28,1278430
2020-06-29,1971582
2020-06-30,2018230
2020-07-01,1978218
2020-07-02,1998664
2020-07-03,2173610
2020-07-04,1698652
2020-07-05,1400948
2020-07-06,1972434
2020-07-07,2009351
2020-07-08,2029964
2020-07-09,2038118
2020-07-10,2217059
2020-07-11,1697104
2020-07-12,1423027
2020-07-13,1991121
2020-07-14,2110552
2020-07-15,2076968
2020-07-16,2078789
2020-07-17,2203904
2020-07-18,1760060
2020-07-19,1456892
2020-07-20,1995390
2020-07-21,2064149
2020-07-22,2088955
2020-07-23,2078078
2020-07-24,2202392
2020-07-25,1726026
2020-07-26,1430885
2020-07-27,1982556
2020-07-28,2042372
2020-07-29,2096649
2020-07-30,2129942
2020-07-31,2266679
2020-08-01,1809256
2020-08-02,1460760
2020-08-03,1841773
2020-08-04,2023420
2020-08-05,2082576
2020-08-06,2104643
2020-08-07,2208896
2020-08-08,1576625
2020-08-09,1464395
2020-08-10,2006603
2020-08-11,2012151
2020-08-12,2090385
2020-08-13,2115979
2020-08-14,2220335
2020-08-15,1790302
2020-08-16,1530626
2020-08-17,2008257
2020-08-18,2083475
2020-08-19,2112631
2020-08-20,2122329
2020-08-21,2262987
2020-08-22,1833047
2020-08-23,1515613
2020-08-24,2014454
2020-08-25,2118587
2020-08-26,2091632
2020-08-27,2032843
2020-08-28,2184219
2020-08-29,1770389
2020-08-30,1427245
2020-08-31,1976888
2020-09-01,2011444
2020-09-02,1993841
2020-09-03,2043904
2020-09-04,2207822
2020-09-05,1747123
2020-09-06,1467942
2020-09-07,2031029
2020-09-08,2075106
2020-09-09,2102665
2020-09-10,2124929
2020-09-11,2274355
2020-09-12,1819745
2020-09-13,1513468
2020-09-14,2056052
2020-09-15,2107021
2020-09-16,2128964
2020-09-17,2156121
2020-09-18,2325988
2020-09-19,1875356
2020-09-20,1495006
2020-09-21,2061711
2020-09-22,2124085
2020-09-23,2167559
2020-09-24,2195091
2020-09-25,2315917
2020-09-26,2124204
2020-09-27,1456876
2020-09-28,2146412
2020-09-29,2206021
2020-09-30,2337080
2020-10-01,1365565
2020-10-02,1493603
2020-10-03,1598767
2020-10-04,1410479
2020-10-05,2081622
2020-10-06,2129828
2020-10-07,2156115
2020-10-08,2316307
2020-10-09,1690749
2020-10-10,1692729
2020-10-11,1449478
2020-10-12,2075544
2020-10-13,2164215
2020-10-14,2170468
2020-10-15,2186851
2020-10-16,2375440
2020-10-17,1937798
2020-10-18,1614912
2020-10-19,2086131
2020-10-20,2154616
2020-10-21,2183476
2020-10-22,2193578
2020-10-23,2391584
2020-10-24,1965079
2020-10-25,1610671
2020-10-26,2102778
2020-10-27,2142881
2020-10-28,2168548
2020-10-29,2155264
2020-10-30,2356899
2020-10-31,2028261
2020-11-01,1566327
2020-11-02,2073839
2020-11-03,2106653
2020-11-04,2142640
2020-11-05,2189234
2020-11-06,2359424
2020-11-07,1958777
2020-11-08,1574621
2020-11-09,2084114
2020-11-10,2151268
2020-11-11,2206151
2020-11-12,2195858
2020-11-13,2446308
2020-11-14,2011630
2020-11-15,1744516
2020-11-16,2160957
2020-11-17,2165517
2020-11-18,2197090
2020-11-19,2212447
2020-11-20,2395084
2020-11-21,1973966
2020-11-22,1718642
2020-11-23,2102018
2020-11-24,2151383
2020-11-25,2200956
2020-11-26,2211348
2020-11-27,2394326
2020-11-28,1931971
2020-11-29,1610404
2020-11-30,2131728
2020-12-01,2152352
2020-12-02,2215801
2020-12-03,2234204
2020-12-04,2477928
2020-12-05,2119929
2020-12-06,1757019
2020-12-07,2145948
2020-12-08,2202313
2020-12-09,2235386
2020-12-10,2269664
2020-12-11,2469687
2020-12-12,2266957
2020-12-13,1856347
2020-12-14,2163536
2020-12-15,2235801
2020-12-16,2273818
2020-12-17,2316287
2020-12-18,2519159
2020-12-19,2175148
2020-12-20,1819876
2020-12-21,2198155
2020-12-22,2258377
2020-12-23,2268020
2020-12-24,2292039
2020-12-25,2477567
2020-12-26,2008386
2020-12-27,1620755
2020-12-28,2154175
2020-12-29,2216552
2020-12-30,2232088
2020-12-31,2505993
2021-01-01,1475352
2021-01-02,1520137
2021-01-03,1394492
2021-01-04,2080474
2021-01-05,2124854
2021-01-06,2162749
2021-01-07,2151520
2021-01-08,2287673
2021-01-09,1677462
2021-01-10,1413992
2021-01-11,2095045
2021-01-12,2127551
2021-01-13,2174392
2021-01-14,2201526
2021-01-15,2388817
2021-01-16,1781803
2021-01-17,1394657
2021-01-18,2066313
2021-01-19,2135000
2021-01-20,2233113
2021-01-21,2104987
2021-01-22,2183862
2021-01-23,1635728
2021-01-24,1411439
2021-01-25,1999211
2021-01-26,2047911
2021-01-27,2054743
2021-01-28,2049067
2021-01-29,2191262
2021-01-30,1687538
2021-01-31,1419801
2021-02-01,2012894
2021-02-02,2046441
2021-02-03,2106827
2021-02-04,2122047
2021-02-05,2247689
2021-02-06,1679379
2021-02-07,1402425
2021-02-08,2020005
2021-02-09,1975102
2021-02-10,1133432
2021-02-11,671493
2021-02-12,1043781
2021-02-13,1012215
2021-02-14,1342124
2021-02-15,1468249
2021-02-16,1386047
2021-02-17,1912327
2021-02-18,2066265
2021-02-19,2153212
2021-02-20,2059592
2021-02-21,1556145
2021-02-22,2117451
2021-02-23,2147753
2021-02-24,2181032
2021-02-25,2186432
2021-02-26,2317291
2021-02-27,1745275
2021-02-28,1761793
2021-03-01,1557406
2021-03-02,2142454
2021-03-03,2158143
2021-03-04,2178457
2021-03-05,2371172
2021-03-06,1705491
2021-03-07,1480093
2021-03-08,2114268
2021-03-09,2155636
2021-03-10,2194330
2021-03-11,2205143
2021-03-12,2378911
2021-03-13,1907748
2021-03-14,1624920
2021-03-15,2105741
2021-03-16,2164096
2021-03-17,2185909
2021-03-18,2188552
2021-03-19,2365936
2021-03-20,1897228
2021-03-21,1510483
2021-03-22,2082171
2021-03-23,2152531
2021-03-24,2184699
2021-03-25,2217724
2021-03-26,2400300
2021-03-27,1893815
2021-03-28,1590611
2021-03-29,2128114
2021-03-30,2159596
2021-03-31,2229459
2021-04-01,2264764
2021-04-02,1654316
2021-04-03,1563480
2021-04-04,1379713
2021-04-05,1427824
2021-04-06,2095484
2021-04-07,2150018
2021-04-08,2162429
2021-04-09,2341767
2021-04-10,1855083
2021-04-11,1610701
2021-04-12,2111066
2021-04-13,2149504
2021-04-14,2169503
2021-04-15,2179266
2021-04-16,2361095
2021-04-17,1895236
2021-04-18,1546276
2021-04-19,2076316
2021-04-20,2151476
2021-04-21,2186620
2021-04-22,2214709
2021-04-23,2384081
2021-04-24,1992374
2021-04-25,1592081
2021-04-26,2099077
2021-04-27,2130783
2021-04-28,2209468
2021-04-29,2231759
2021-04-30,2014919
2021-05-01,1720503
2021-05-02,1467621
2021-05-03,1991918
2021-05-04,2043064
2021-05-05,2073283
2021-05-06,2094507
2021-05-07,2275650
2021-05-08,1596099
2021-05-09,1311197
2021-05-10,2006435
2021-05-11,2017554
2021-05-12,1890870
2021-05-13,1750786
2021-05-14,1737753
2021-05-15,588336
2021-05-16,320119
2021-05-17,837353
2021-05-18,643353
2021-05-19,598013
2021-05-20,568879
2021-05-21,555237
2021-05-22,202286
2021-05-23,152318
2021-05-24,513288
2021-05-25,497660
2021-05-26,488338
2021-05-27,480600
2021-05-28,492887
2021-05-29,202746
2021-05-30,149899
2021-05-31,511843
2021-06-01,500249
2021-06-02,494729
2021-06-03,484622
2021-06-04,486908
2021-06-05,207097
2021-06-06,160479
2021-06-07,501668
2021-06-08,494982
2021-06-09,492309
2021-06-10,497646
2021-06-11,505654
2021-06-12,219338
2021-06-13,168049
2021-06-14,176609
2021-06-15,535549
2021-06-16,531064
2021-06-17,528594
2021-06-18,544129
2021-06-19,250617
2021-06-20,191539
2021-06-21,552093
2021-06-22,562410
2021-06-23,566994
2021-06-24,562891
2021-06-25,589907
2021-06-26,278595
2021-06-27,213379
2021-06-28,593316
2021-06-29,606207
2021-06-30,619995
2021-07-01,615927
2021-07-02,631359
2021-07-03,295695
2021-07-04,223841
2021-07-05,640936
2021-07-06,640067
2021-07-07,647681
2021-07-08,647794
2021-07-09,671669
2021-07-10,330959
2021-07-11,253746
2021-07-12,688900
2021-07-13,723273
2021-07-14,741714
2021-07-15,738373
2021-07-16,748308
2021-07-17,375886
2021-07-18,296467
2021-07-19,756131
2021-07-20,771665
2021-07-21,773034
2021-07-22,740620
2021-07-23,709381
2021-07-24,316160
2021-07-25,329197
2021-07-26,816980
2021-07-27,914948
2021-07-28,920903
2021-07-29,917298
2021-07-30,956404
2021-07-31,486669
2021-08-01,416567
2021-08-02,1005196
2021-08-03,1049732
2021-08-04,1074032
2021-08-05,1071768
2021-08-06,1094171
2021-08-07,520538
2021-08-08,509743
2021-08-09,1102337
2021-08-10,1152365
2021-08-11,1159545
2021-08-12,1158575
2021-08-13,1191886
2021-08-14,743175
2021-08-15,606272
2021-08-16,1181583
2021-08-17,1213333
2021-08-18,1211776
2021-08-19,1195426
2021-08-20,1256043
2021-08-21,750759
2021-08-22,627584
2021-08-23,1216520
2021-08-24,1250751
2021-08-25,1279549
2021-08-26,1296152
2021-08-27,1352114
2021-08-28,870026
2021-08-29,724122
2021-08-30,1295795
2021-08-31,1323595
2021-09-01,1438338
2021-09-02,1440448
2021-09-03,1505146
2021-09-04,875046
2021-09-05,741505
2021-09-06,1415360
2021-09-07,1440807
2021-09-08,1424829
2021-09-09,1382736
2021-09-10,1393288
2021-09-11,1113440
2021-09-12,223506
2021-09-13,1392078
2021-09-14,1446759
2021-09-15,1471683
2021-09-16,1477233
2021-09-17,1557193
2021-09-18,896247
2021-09-19,788341
2021-09-20,834633
2021-09-21,731996
2021-09-22,1459792
2021-09-23,1472118
2021-09-24,1567957
2021-09-25,1033202
2021-09-26,865515
2021-09-27,1477703
2021-09-28,1507069
2021-09-29,1517203
2021-09-30,1517273
2021-10-01,1607472
2021-10-02,1120553
2021-10-03,932258
2021-10-04,1555777
2021-10-05,1597805
2021-10-06,1642986
2021-10-07,1667119
2021-10-08,1818691
2021-10-09,1273114
2021-10-10,1173395
2021-10-11,868833
2021-10-12,1706509
2021-10-13,1774666
2021-10-14,1764874
2021-10-15,1917994
2021-10-16,1430705
2021-10-17,1132216
2021-10-18,1727121
2021-10-19,1755610
2021-10-20,1791106
2021-10-21,1815177
2021-10-22,1983724
2021-10-23,1393911
2021-10-24,1066332
2021-10-25,1769354
2021-10-26,1794273
2021-10-27,1822564
2021-10-28,1828594
2021-10-29,1976633
2021-10-30,1453361
2021-10-31,1215074
2021-11-01,1758586
2021-11-02,1804358
2021-11-03,1836206
2021-11-04,1847102
2021-11-05,2052201
2021-11-06,1531349
2021-11-07,1279807
2021-11-08,1814824
2021-11-09,1847668
2021-11-10,1883296
2021-11-11,1933934
2021-11-12,2079708
2021-11-13,1540024
2021-11-14,1305827
2021-11-15,1832828
2021-11-16,1891771
2021-11-17,1911028
2021-11-18,1922413
2021-11-19,2125166
2021-11-20,1631051
2021-11-21,1405585
2021-11-22,1881393
2021-11-23,1892625
2021-11-24,1923480
2021-11-25,1945518
2021-11-26,2132497
2021-11-27,1549190
2021-11-28,1322538
2021-11-29,1889577
2021-11-30,1904920
2021-12-01,1927565
2021-12-02,1952584
2021-12-03,2170672
2021-12-04,1814781
2021-12-05,1440972
2021-12-06,1903759
2021-12-07,1936517
2021-12-08,1996463
2021-12-09,2007066
2021-12-10,2186362
2021-12-11,1890927
2021-12-12,1438364
2021-12-13,1917628
2021-12-14,1960561
2021-12-15,2040748
2021-12-16,2050737
2021-12-17,2254597
2021-12-18,1783213
2021-12-19,1600764
2021-12-20,1932526
2021-12-21,1988214
2021-12-22,2044476
2021-12-23,2047617
2021-12-24,2270601
2021-12-25,1866467
2021-12-26,1444739
2021-12-27,1942477
2021-12-28,1998206
2021-12-29,2041052
2021-12-30,2151161
2021-12-31,1926427
2022-01-01,1518219
2022-01-02,1234217
2022-01-03,1848666
2022-01-04,1898914
2022-01-05,1934392
2022-01-06,1953937
2022-01-07,2103064
2022-01-08,1526719
2022-01-09,1222399
2022-01-10,1862770
2022-01-11,1899469
2022-01-12,1892717
2022-01-13,1888655
2022-01-14,2024424
2022-01-15,1380747
2022-01-16,1143556
2022-01-17,1785635
2022-01-18,1803204
2022-01-19,1838014
2022-01-20,1912225
2022-01-21,1850679
2022-01-22,1608357
2022-01-23,1071735
2022-01-24,1687808
2022-01-25,1712689
2022-01-26,1709585
2022-01-27,1692070
2022-01-28,1672628
2022-01-29,980715
2022-01-30,733074
2022-01-31,525021
2022-02-01,595938
2022-02-02,725655
2022-02-03,661330
2022-02-04,882356
2022-02-05,1022688
2022-02-06,1009392
2022-02-07,1621071
2022-02-08,1655930
2022-02-09,1666251
2022-02-10,1708208
2022-02-11,1875738
2022-02-12,1413234
2022-02-13,1207352
2022-02-14,1803972
2022-02-15,1787551
2022-02-16,1819771
2022-02-17,1824938
2022-02-18,1952448
2022-02-19,1410222
2022-02-20,1081195
2022-02-21,1867167
2022-02-22,1928146
2022-02-23,1943921
2022-02-24,1952311
2022-02-25,2108650
2022-02-26,1566910
2022-02-27,1459799
2022-02-28,1340648
2022-03-01,1896474
2022-03-02,1900295
2022-03-03,1919832
2022-03-04,2088877
2022-03-05,1596123
2022-03-06,1260354
2022-03-07,1895982
2022-03-08,1963015
2022-03-09,1987096
2022-03-10,1994138
2022-03-11,2178493
2022-03-12,1730675
2022-03-13,1417182
2022-03-14,1912482
2022-03-15,1961026
2022-03-16,1977745
2022-03-17,1993416
2022-03-18,2137470
2022-03-19,1657204
2022-03-20,1384547
2022-03-21,1913379
2022-03-22,1949567
2022-03-23,1989180
2022-03-24,1978564
2022-03-25,2170887
2022-03-26,1594043
2022-03-27,1245994
2022-03-28,1918642
2022-03-29,1939648
2022-03-30,1968611
2022-03-31,1958085
2022-04-01,2040827
2022-04-02,1205561
2022-04-03,1016389
2022-04-04,1097822
2022-04-05,1011726
2022-04-06,1769922
2022-04-07,1737167
2022-04-08,1860346
2022-04-09,1293989
2022-04-10,1087025
2022-04-11,1652098
2022-04-12,1699995
2022-04-13,1706271
2022-04-14,1701607
2022-04-15,1803150
2022-04-16,1207729
2022-04-17,973909
2022-04-18,1611850
2022-04-19,1652711
2022-04-20,1639036
2022-04-21,1590607
2022-04-22,1653646
2022-04-23,1054668
2022-04-24,851509
2022-04-25,1425254
2022-04-26,1452010
2022-04-27,1449385
2022-04-28,1433935
2022-04-29,1496774
2022-04-30,976958
2022-05-01,762824
2022-05-02,953818
2022-05-03,1368252
2022-05-04,1364771
2022-05-05,1321285
2022-05-06,1365205
2022-05-07,843216
2022-05-08,651257
2022-05-09,1174137
2022-05-10,1196321
2022-05-11,1204943
2022-05-12,1194008
2022-05-13,1247259
2022-05-14,754063
2022-05-15,628907
2022-05-16,1146250
2022-05-17,1152939
2022-05-18,1173537
2022-05-19,1154926
2022-05-20,1243343
2022-05-21,839888
2022-05-22,660960
2022-05-23,1131158
2022-05-24,1161375
2022-05-25,1177299
2022-05-26,1187734
2022-05-27,1277641
2022-05-28,888454
2022-05-29,758290
2022-05-30,1209616
2022-05-31,1241818
2022-06-01,1287636
2022-06-02,1325383
2022-06-03,752935
2022-06-04,853348
2022-06-05,790090
2022-06-06,1352257
2022-06-07,1373516
2022-06-08,1395081
2022-06-09,1401320
2022-06-10,1517897
2022-06-11,1085532
2022-06-12,847026
2022-06-13,1413345
2022-06-14,1452562
2022-06-15,1469809
2022-06-16,1472072
2022-06-17,1570140
2022-06-18,1120863
2022-06-19,912408
2022-06-20,1444130
2022-06-21,1487960
2022-06-22,1529121
2022-06-23,1527492
2022-06-24,1618528
2022-06-25,1157853
2022-06-26,966903
2022-06-27,1459658
2022-06-28,1560623
2022-06-29,1605584
2022-06-30,1671115
2022-07-01,1682513
2022-07-02,1178305
2022-07-03,1018215
2022-07-04,1552072
2022-07-05,1598259
2022-07-06,1641473
2022-07-07,1630814
2022-07-08,1740992
2022-07-09,1307377
2022-07-10,1101931
2022-07-11,1597822
2022-07-12,1647642
2022-07-13,1659860
2022-07-14,1664174
2022-07-15,1772254
2022-07-16,1392431
2022-07-17,1162844
2022-07-18,1617832
2022-07-19,1642951
2022-07-20,1685588
2022-07-21,1704663
2022-07-22,1783757
2022-07-23,1317874
2022-07-24,1088300
2022-07-25,1588606
2022-07-26,1669493
2022-07-27,1702988
2022-07-28,1731595
2022-07-29,1831793
2022-07-30,1456011
2022-07-31,1170610
2022-08-01,1634768
2022-08-02,1662704
2022-08-03,1711867
2022-08-04,1735800
2022-08-05,1832242
2022-08-06,1366530
2022-08-07,1141484
2022-08-08,1639741
2022-08-09,1722965
2022-08-10,1743475
2022-08-11,1736840
2022-08-12,1799930
2022-08-13,1439170
2022-08-14,1216684
2022-08-15,1672527
2022-08-16,1728139
2022-08-17,1751079
2022-08-18,1747315
2022-08-19,1873469
2022-08-20,1462128
2022-08-21,1221395
2022-08-22,1681336
2022-08-23,1733257
2022-08-24,1778053
2022-08-25,1754224
2022-08-26,1876797
2022-08-27,1459336
2022-08-28,1187376
2022-08-29,1671915
2022-08-30,1749542
2022-08-31,1799235
2022-09-01,1766664
2022-09-02,1805906
2022-09-03,1066435
2022-09-04,925392
2022-09-05,1793791
2022-09-06,1856594
2022-09-07,1866210
2022-09-08,1944504
2022-09-09,1274240
2022-09-10,1120826
2022-09-11,997711
2022-09-12,1766293
2022-09-13,1819920
2022-09-14,1872779
2022-09-15,1884802
2022-09-16,2042643
2022-09-17,1555375
2022-09-18,1250875
2022-09-19,1762278
2022-09-20,1829451
2022-09-21,1852746
2022-09-22,1858358
2022-09-23,2000198
2022-09-24,1496247
2022-09-25,1237664
2022-09-26,1788261
2022-09-27,1846276
2022-09-28,1856773
2022-09-29,1861637
2022-09-30,2016135
2022-10-01,1561965
2022-10-02,1189955
2022-10-03,1769906
2022-10-04,1803773
2022-10-05,1867688
2022-10-06,1879598
2022-10-07,2030685
2022-10-08,1431397
2022-10-09,1306252
2022-10-10,1137211
2022-10-11,1838829
2022-10-12,1893392
2022-10-13,1910689
2022-10-14,2086040
2022-10-15,1507880
2022-10-16,1050042
2022-10-17,1813989
2022-10-18,1900101
2022-10-19,1918301
2022-10-20,1945520
2022-10-21,2138933
2022-10-22,1639911
2022-10-23,1271555
2022-10-24,1859062
2022-10-25,1909677
2022-10-26,1949406
2022-10-27,1958490
2022-10-28,2137372
2022-10-29,1645460
2022-10-30,1209057
2022-10-31,1870483
2022-11-01,1914368
2022-11-02,1942565
2022-11-03,1954221
2022-11-04,2131845
2022-11-05,1654118
2022-11-06,1373505
2022-11-07,1895444
2022-11-08,1941934
2022-11-09,1988385
2022-11-10,2025966
2022-11-11,2230285
2022-11-12,1879606
2022-11-13,1473720
2022-11-14,1917727
2022-11-15,1976464
2022-11-16,2017049
2022-11-17,2029171
2022-11-18,2246770
2022-11-19,1862166
2022-11-20,1529476
2022-11-21,1967023
2022-11-22,1968504
2022-11-23,2014223
2022-11-24,2040532
2022-11-25,2246342
2022-11-26,1552895
2022-11-27,1420322
2022-11-28,1953980
2022-11-29,1998852
2022-11-30,2043816
2022-12-01,2069856
2022-12-02,2263183
2022-12-03,1952800
2022-12-04,1533209
2022-12-05,1969902
2022-12-06,2035238
2022-12-07,2070250
2022-12-08,2105779
2022-12-09,2317860
2022-12-10,1984667
2022-12-11,1566857
2022-12-12,2037935
2022-12-13,2078134
2022-12-14,2118545
2022-12-15,2133387
2022-12-16,2360464
2022-12-17,1877356
2022-12-18,1662765
2022-12-19,2030049
2022-12-20,2095375
2022-12-21,2090582
2022-12-22,2131447
2022-12-23,2366363
2022-12-24,1988127
2022-12-25,1643719
2022-12-26,2032356
2022-12-27,2076096
2022-12-28,2095597
2022-12-29,2145456
2022-12-30,2304316
2022-12-31,2044534
2023-01-01,1590355
2023-01-02,1254507
2023-01-03,1994729
2023-01-04,2023354
2023-01-05,2044832
2023-01-06,2154824
2023-01-07,2013574
2023-01-08,1447434
2023-01-09,1981818
2023-01-10,2022275
2023-01-11,2053418
2023-01-12,2077589
2023-01-13,2203921
2023-01-14,1763046
2023-01-15,1403047
2023-01-16,2023178
2023-01-17,2070780
2023-01-18,2092400
2023-01-19,2123626
2023-01-20,1141159
2023-01-21,677743
2023-01-22,1184877
2023-01-23,1084932
2023-01-24,1076501
2023-01-25,1286387
2023-01-26,1500803
2023-01-27,1449614
2023-01-28,1494201
2023-01-29,1387582
2023-01-30,1945787
2023-01-31,2023824
2023-02-01,2020490
2023-02-02,1995223
2023-02-03,2136758
2023-02-04,2135147
2023-02-05,1518230
2023-02-06,2007517
2023-02-07,2077539
2023-02-08,2121761
2023-02-09,2143886
2023-02-10,2257050
2023-02-11,2106269
2023-02-12,1647656
2023-02-13,2054874
2023-02-14,2104492
2023-02-15,2109057
2023-02-16,2162167
2023-02-17,2318148
2023-02-18,2285909
2023-02-19,1628678
2023-02-20,2032203
2023-02-21,2093576
2023-02-22,2120976
2023-02-23,2128141
2023-02-24,2284327
2023-02-25,1716342
2023-02-26,1593188
2023-02-27,1744402
2023-02-28,1499930
2023-03-01,2069267
2023-03-02,2072859
2023-03-03,2254679
2023-03-04,1775753
2023-03-05,1515897
2023-03-06,2061627
2023-03-07,2121753
2023-03-08,2153289
2023-03-09,2145653
2023-03-10,2331111
2023-03-11,1890035
2023-03-12,1518214
2023-03-13,2023018
2023-03-14,2105491
2023-03-15,2142084
2023-03-16,2127011
2023-03-17,2288378
2023-03-18,1796484
2023-03-19,1483972
2023-03-20,2022271
2023-03-21,2094413
2023-03-22,2121326
2023-03-23,2128830
2023-03-24,2238314
2023-03-25,2068779
2023-03-26,1400005
2023-03-27,2038654
2023-03-28,2086340
2023-03-29,2121215
2023-03-30,2111777
2023-03-31,2254617
2023-04-01,1525903
2023-04-02,1535297
2023-04-03,1574356
2023-04-04,1487084
2023-04-05,1245330
2023-04-06,2029337
2023-04-07,2191306
2023-04-08,1730701
2023-04-09,1441348
2023-04-10,2045870
2023-04-11,2094923
2023-04-12,2136205
2023-04-13,2128162
2023-04-14,2292028
2023-04-15,1715371
2023-04-16,1551054
2023-04-17,2019748
2023-04-18,2077284
2023-04-19,2082431
2023-04-20,2085997
2023-04-21,2274879
2023-04-22,1835817
2023-04-23,1554945
2023-04-24,2004094
2023-04-25,2079198
2023-04-26,2096033
2023-04-27,2133715
2023-04-28,2300001
2023-04-29,1806467
2023-04-30,1574092
2023-05-01,1634791
2023-05-02,2070756
2023-05-03,2114004
2023-05-04,2132468
2023-05-05,2294309
2023-05-06,1814065
2023-05-07,1386563
2023-05-08,2019781
2023-05-09,2081166
2023-05-10,2116588
2023-05-11,2127333
2023-05-12,2303164
2023-05-13,1658634
2023-05-14,1384531
2023-05-15,2009534
2023-05-16,2059238
2023-05-17,2079831
2023-05-18,2097297
2023-05-19,2284459
2023-05-20,1793542
2023-05-21,1527353
2023-05-22,2021445
2023-05-23,1979193
2023-05-24,2045205
2023-05-25,2043218
2023-05-26,2206742
2023-05-27,1795257
2023-05-28,1439423
2023-05-29,1953910
2023-05-30,2021184
2023-05-31,1978373
2023-06-01,2030540
2023-06-02,2197098
2023-06-03,1674908
2023-06-04,1317125
2023-06-05,1939688
2023-06-06,1993375
2023-06-07,2000621
2023-06-08,2011558
2023-06-09,2160989
2023-06-10,1682588
2023-06-11,1374774
2023-06-12,1932394
2023-06-13,1994460
2023-06-14,2044779
2023-06-15,2043940
2023-06-16,2116470
2023-06-17,1952627
2023-06-18,1383562
2023-06-19,1914945
2023-06-20,1974113
2023-06-21,2037547
2023-06-22,1173702
2023-06-23,1328622
2023-06-24,1420076
2023-06-25,1247413
2023-06-26,1881176
2023-06-27,1948012
2023-06-28,1977036
2023-06-29,2012009
2023-06-30,2191254
2023-07-01,1659896
2023-07-02,1377491
2023-07-03,1948377
2023-07-04,1992472
2023-07-05,2030094
2023-07-06,2016699
2023-07-07,2132926
2023-07-08,1709150
2023-07-09,1394974
2023-07-10,1933066
2023-07-11,1967116
2023-07-12,2031237
2023-07-13,2023799
2023-07-14,2197134
2023-07-15,1744858
2023-07-16,1491041
2023-07-17,1942480
2023-07-18,1996915
2023-07-19,2052029
2023-07-20,2020250
2023-07-21,2159543
2023-07-22,1680010
2023-07-23,1426425
2023-07-24,1946060
2023-07-25,2020510
2023-07-26,1845141
2023-07-27,1885518
2023-07-28,2166099
2023-07-29,1757374
2023-07-30,1443740
2023-07-31,1992107
2023-08-01,1998779
2023-08-02,2014807
2023-08-03,505729
2023-08-04,2114250
2023-08-05,1711606
2023-08-06,1446700
2023-08-07,2006563
2023-08-08,2023248
2023-08-09,2098357
2023-08-10,2090112
2023-08-11,2199507
2023-08-12,1801451
2023-08-13,1519533
2023-08-14,2008715
2023-08-15,2068218
2023-08-16,2019876
2023-08-17,2045907
2023-08-18,2214195
2023-08-19,1821220
2023-08-20,1561850
2023-08-21,1996965
2023-08-22,2054139
2023-08-23,2075772
2023-08-24,2089910
2023-08-25,2203716
2023-08-26,1735315
2023-08-27,1433374
2023-08-28,1961910
2023-08-29,1974831
2023-08-30,1948994
2023-08-31,2040139
2023-09-01,2170394
2023-09-02,1488023
2023-09-03,1041877
2023-09-04,1936531
2023-09-05,2053353
2023-09-06,2108144
2023-09-07,2139339
2023-09-08,2275283
2023-09-09,1820508
2023-09-10,1513063
2023-09-11,2042001
2023-09-12,2092154
2023-09-13,2108767
2023-09-14,2117150
2023-09-15,2304957
2023-09-16,1914211
2023-09-17,1536671
2023-09-18,2037489
2023-09-19,2096673
2023-09-20,2145966
2023-09-21,2122554
2023-09-22,2251763
2023-09-23,2099080
2023-09-24,1506895
2023-09-25,2065123
2023-09-26,2153677
2023-09-27,2204142
2023-09-28,2267920
2023-09-29,1395524
2023-09-30,1520943
2023-10-01,1365330
2023-10-02,2051071
2023-10-03,2102805
2023-10-04,2064448
2023-10-05,2055506
2023-10-06,2296865
2023-10-07,1781536
2023-10-08,1565811
2023-10-09,1563715
2023-10-10,1357204
2023-10-11,2098887
2023-10-12,2143157
2023-10-13,2300650
2023-10-14,1874179
2023-10-15,1554766
2023-10-16,2056948
2023-10-17,2143136
2023-10-18,2184303
2023-10-19,2192855
2023-10-20,2366934
2023-10-21,1896486
2023-10-22,1599023
2023-10-23,2089416
2023-10-24,2131398
2023-10-25,2171773
2023-10-26,2183014
2023-10-27,2349047
2023-10-28,1908448
2023-10-29,1526543
2023-10-30,2071608
2023-10-31,2136310
