時段,進站,人次
0,BL板橋,513458
0,Y板橋,80643
0,七張,99352
0,三和國中,86157
0,三民高中,70156
0,三重,117063
0,三重國小,116222
0,中原,10369
0,中和,20429
0,中山,969231
0,中山國中,164659
0,中山國小,419801
0,中正紀念堂,261798
0,丹鳳,60621
0,亞東醫院,131839
0,信義安和,471591
0,先嗇宮,50778
0,內湖,71896
0,公館,615632
0,六張犁,189604
0,劍南路,274179
0,劍潭,951229
0,動物園,33388
0,北投,129570
0,北門,207897
0,十四張,5918
0,南京三民,277884
0,南京復興,669177
0,南勢角,136924
0,南港,215150
0,南港展覽館,163490
0,南港軟體園區,24216
0,古亭,441627
0,台北101/世貿,635519
0,台北小巨蛋,303261
0,台北橋,208800
0,台北車站,3148214
0,台大醫院,251474
0,台電大樓,329995
0,唭哩岸,56210
0,善導寺,266498
0,國父紀念館,535962
0,圓山,303612
0,土城,40987
0,士林,358897
0,大坪林,159767
0,大安,335208
0,大安森林公園,93803
0,大橋頭站,196031
0,大湖公園,17384
0,大直,118454
0,奇岩,59301
0,小南門,69880
0,小碧潭,17827
0,市政府,1335823
0,幸福,15162
0,府中,348614
0,後山埤,175373
0,徐匯中學,88889
0,復興崗,27085
0,忠孝復興,1145221
0,忠孝敦化,1171126
0,忠孝新生,596654
0,忠義,19240
0,文德,33248
0,新北投,54623
0,新北產業園區,20929
0,新埔,248326
0,新埔民生,14075
0,新店,66737
0,新店區公所,61592
0,新莊,109036
0,昆陽,121294
0,明德,68639
0,景安,127379
0,景平,15870
0,景美,153223
0,木柵,16639
0,東湖,42740
0,東門,337081
0,松山,441961
0,松山機場,30939
0,松江南京,578701
0,板新,11979
0,橋和,8302
0,民權西路,362502
0,永安市場,170847
0,永寧,63537
0,永春,226973
0,江子翠,203020
0,海山,107893
0,淡水,312891
0,港墘,167997
0,石牌,276725
0,秀朗橋,8255
0,科技大樓,185087
0,竹圍,76541
0,紅樹林,75985
0,芝山,254578
0,菜寮,86382
0,萬芳社區,16358
0,萬芳醫院,67949
0,萬隆,73347
0,葫洲,44616
0,蘆洲,73468
0,行天宮,426368
0,西湖,173037
0,西門,2116167
0,象山,247945
0,輔大,138020
0,辛亥,18226
0,迴龍,61934
0,關渡,83763
0,雙連,439232
0,頂埔,35331
0,頂溪,286846
0,頭前庄,47361
0,麟光,38122
0,龍山寺,430273
1,BL板橋,11680
1,Y板橋,555
1,七張,2385
1,三和國中,1144
1,三民高中,862
1,三重,2958
1,三重國小,1400
1,中原,157
1,中和,338
1,中山,45176
1,中山國中,6176
1,中山國小,14638
1,中正紀念堂,12671
1,丹鳳,1278
1,亞東醫院,3455
1,信義安和,36010
1,先嗇宮,1320
1,內湖,2680
1,公館,22046
1,六張犁,14486
1,劍南路,22548
1,劍潭,29475
1,動物園,2124
1,北投,6935
1,北門,9171
1,十四張,113
1,南京三民,14144
1,南京復興,27561
1,南勢角,2121
1,南港,6021
1,南港展覽館,2335
1,南港軟體園區,380
1,古亭,15418
1,台北101/世貿,82436
1,台北小巨蛋,12679
1,台北橋,8618
1,台北車站,81124
1,台大醫院,18344
1,台電大樓,7736
1,唭哩岸,3323
1,善導寺,10219
1,國父紀念館,59168
1,圓山,15924
1,土城,1165
1,士林,16863
1,大坪林,3932
1,大安,20869
1,大安森林公園,4487
1,大橋頭站,5357
1,大湖公園,719
1,大直,5559
1,奇岩,3896
1,小南門,2749
1,小碧潭,135
1,市政府,118656
1,幸福,247
1,府中,9488
1,後山埤,6509
1,徐匯中學,1021
1,復興崗,1384
1,忠孝復興,55332
1,忠孝敦化,43683
1,忠孝新生,29867
1,忠義,662
1,文德,1288
1,新北投,1203
1,新北產業園區,276
1,新埔,7381
1,新埔民生,230
1,新店,1480
1,新店區公所,1419
1,新莊,2680
1,昆陽,4762
1,明德,3727
1,景安,2222
1,景平,211
1,景美,4050
1,木柵,505
1,東湖,1274
1,東門,18889
1,松山,18788
1,松山機場,907
1,松江南京,25127
1,板新,192
1,橋和,84
1,民權西路,16420
1,永安市場,3887
1,永寧,1117
1,永春,37522
1,江子翠,5569
1,海山,2799
1,淡水,14303
1,港墘,9763
1,石牌,13654
1,秀朗橋,181
1,科技大樓,3197
1,竹圍,5214
1,紅樹林,3424
1,芝山,10245
1,菜寮,3316
1,萬芳社區,314
1,萬芳醫院,1193
1,萬隆,3863
1,葫洲,1558
1,蘆洲,1107
1,行天宮,17120
1,西湖,10303
1,西門,76059
1,象山,54730
1,輔大,2249
1,辛亥,1772
1,迴龍,1354
1,關渡,3839
1,雙連,19101
1,頂埔,1129
1,頂溪,6389
1,頭前庄,1236
1,麟光,2489
1,龍山寺,12002
2,BL板橋,3029
2,Y板橋,379
2,七張,770
2,三和國中,647
2,三民高中,562
2,三重,1705
2,三重國小,766
2,中原,78
2,中和,161
2,中山,3234
2,中山國中,858
2,中山國小,1626
2,中正紀念堂,1392
2,丹鳳,533
2,亞東醫院,767
2,信義安和,23181
2,先嗇宮,348
2,內湖,554
2,公館,4268
2,六張犁,6410
2,劍南路,4138
2,劍潭,2974
2,動物園,1724
2,北投,985
2,北門,1549
2,十四張,42
2,南京三民,4878
2,南京復興,3295
2,南勢角,871
2,南港,966
2,南港展覽館,970
2,南港軟體園區,117
2,古亭,2097
2,台北101/世貿,53153
2,台北小巨蛋,3353
2,台北橋,1231
2,台北車站,15173
2,台大醫院,599
2,台電大樓,1237
2,唭哩岸,311
2,善導寺,1199
2,國父紀念館,23266
2,圓山,1910
2,土城,334
2,士林,1723
2,大坪林,1016
2,大安,6749
2,大安森林公園,1599
2,大橋頭站,949
2,大湖公園,158
2,大直,988
2,奇岩,1338
2,小南門,221
2,小碧潭,0
2,市政府,56527
2,幸福,139
2,府中,2213
2,後山埤,2135
2,徐匯中學,684
2,復興崗,134
2,忠孝復興,11953
2,忠孝敦化,15906
2,忠孝新生,5173
2,忠義,77
2,文德,306
2,新北投,2
2,新北產業園區,598
2,新埔,1477
2,新埔民生,154
2,新店,518
2,新店區公所,547
2,新莊,755
2,昆陽,718
2,明德,421
2,景安,941
2,景平,100
2,景美,912
2,木柵,265
2,東湖,387
2,東門,2748
2,松山,7979
2,松山機場,168
2,松江南京,2121
2,板新,99
2,橋和,42
2,民權西路,1356
2,永安市場,1175
2,永寧,519
2,永春,9608
2,江子翠,1184
2,海山,736
2,淡水,2874
2,港墘,597
2,石牌,1273
2,秀朗橋,133
2,科技大樓,1289
2,竹圍,561
2,紅樹林,1300
2,芝山,1328
2,菜寮,613
2,萬芳社區,151
2,萬芳醫院,405
2,萬隆,565
2,葫洲,304
2,蘆洲,755
2,行天宮,1675
2,西湖,648
2,西門,12220
2,象山,30860
2,輔大,590
2,辛亥,293
2,迴龍,683
2,關渡,436
2,雙連,1273
2,頂埔,456
2,頂溪,1982
2,頭前庄,459
2,麟光,770
2,龍山寺,1433
3,BL板橋,1631
3,Y板橋,231
3,七張,410
3,三和國中,472
3,三民高中,419
3,三重,1306
3,三重國小,456
3,中原,33
3,中和,98
3,中山,2496
3,中山國中,558
3,中山國小,1237
3,中正紀念堂,926
3,丹鳳,305
3,亞東醫院,495
3,信義安和,7750
3,先嗇宮,121
3,內湖,349
3,公館,2328
3,六張犁,1840
3,劍南路,1821
3,劍潭,1535
3,動物園,496
3,北投,611
3,北門,1530
3,十四張,37
3,南京三民,2011
3,南京復興,2416
3,南勢角,594
3,南港,425
3,南港展覽館,632
3,南港軟體園區,68
3,古亭,1331
3,台北101/世貿,19494
3,台北小巨蛋,1273
3,台北橋,822
3,台北車站,10802
3,台大醫院,327
3,台電大樓,848
3,唭哩岸,185
3,善導寺,884
3,國父紀念館,6950
3,圓山,1415
3,土城,204
3,士林,1084
3,大坪林,576
3,大安,2391
3,大安森林公園,787
3,大橋頭站,617
3,大湖公園,88
3,大直,591
3,奇岩,199
3,小南門,175
3,小碧潭,0
3,市政府,19700
3,幸福,91
3,府中,1467
3,後山埤,957
3,徐匯中學,463
3,復興崗,88
3,忠孝復興,5628
3,忠孝敦化,8732
3,忠孝新生,2024
3,忠義,60
3,文德,201
3,新北投,0
3,新北產業園區,525
3,新埔,865
3,新埔民生,65
3,新店,315
3,新店區公所,347
3,新莊,480
3,昆陽,448
3,明德,299
3,景安,582
3,景平,68
3,景美,617
3,木柵,131
3,東湖,219
3,東門,1040
3,松山,2982
3,松山機場,83
3,松江南京,1411
3,板新,57
3,橋和,16
3,民權西路,893
3,永安市場,800
3,永寧,174
3,永春,2575
3,江子翠,778
3,海山,460
3,淡水,1431
3,港墘,306
3,石牌,789
3,秀朗橋,52
3,科技大樓,809
3,竹圍,313
3,紅樹林,799
3,芝山,774
3,菜寮,393
3,萬芳社區,91
3,萬芳醫院,276
3,萬隆,356
3,葫洲,209
3,蘆洲,379
3,行天宮,1006
3,西湖,362
3,西門,9288
3,象山,7467
3,輔大,364
3,辛亥,91
3,迴龍,342
3,關渡,253
3,雙連,961
3,頂埔,183
3,頂溪,1448
3,頭前庄,214
3,麟光,330
3,龍山寺,919
4,BL板橋,832
4,Y板橋,84
4,七張,323
4,三和國中,352
4,三民高中,298
4,三重,351
4,三重國小,329
4,中原,46
4,中和,87
4,中山,1761
4,中山國中,359
4,中山國小,972
4,中正紀念堂,628
4,丹鳳,203
4,亞東醫院,360
4,信義安和,3090
4,先嗇宮,69
4,內湖,236
4,公館,2014
4,六張犁,911
4,劍南路,864
4,劍潭,902
4,動物園,144
4,北投,524
4,北門,444
4,十四張,18
4,南京三民,1335
4,南京復興,1871
4,南勢角,531
4,南港,248
4,南港展覽館,440
4,南港軟體園區,35
4,古亭,1151
4,台北101/世貿,7880
4,台北小巨蛋,721
4,台北橋,593
4,台北車站,4204
4,台大醫院,239
4,台電大樓,619
4,唭哩岸,141
4,善導寺,592
4,國父紀念館,3057
4,圓山,1430
4,土城,150
4,士林,743
4,大坪林,379
4,大安,1098
4,大安森林公園,544
4,大橋頭站,410
4,大湖公園,69
4,大直,346
4,奇岩,112
4,小南門,122
4,小碧潭,0
4,市政府,9570
4,幸福,75
4,府中,1264
4,後山埤,605
4,徐匯中學,305
4,復興崗,69
4,忠孝復興,3818
4,忠孝敦化,5817
4,忠孝新生,1239
4,忠義,43
4,文德,106
4,新北投,0
4,新北產業園區,91
4,新埔,673
4,新埔民生,35
4,新店,250
4,新店區公所,235
4,新莊,379
4,昆陽,252
4,明德,213
4,景安,467
4,景平,51
4,景美,642
4,木柵,105
4,東湖,194
4,東門,683
4,松山,1049
4,松山機場,35
4,松江南京,926
4,板新,30
4,橋和,16
4,民權西路,621
4,永安市場,590
4,永寧,136
4,永春,1251
4,江子翠,552
4,海山,350
4,淡水,1080
4,港墘,227
4,石牌,629
4,秀朗橋,43
4,科技大樓,535
4,竹圍,215
4,紅樹林,330
4,芝山,527
4,菜寮,347
4,萬芳社區,81
4,萬芳醫院,176
4,萬隆,341
4,葫洲,120
4,蘆洲,254
4,行天宮,742
4,西湖,184
4,西門,7552
4,象山,3290
4,輔大,301
4,辛亥,80
4,迴龍,252
4,關渡,148
4,雙連,689
4,頂埔,155
4,頂溪,1063
4,頭前庄,110
4,麟光,193
4,龍山寺,683
5,BL板橋,2382
5,Y板橋,98
5,七張,1097
5,三和國中,902
5,三民高中,746
5,三重,506
5,三重國小,805
5,中原,38
5,中和,136
5,中山,2530
5,中山國中,589
5,中山國小,2468
5,中正紀念堂,1370
5,丹鳳,449
5,亞東醫院,1392
5,信義安和,2306
5,先嗇宮,196
5,內湖,665
5,公館,2460
5,六張犁,754
5,劍南路,775
5,劍潭,1965
5,動物園,140
5,北投,1272
5,北門,415
5,十四張,27
5,南京三民,1339
5,南京復興,2466
5,南勢角,1765
5,南港,1306
5,南港展覽館,1643
5,南港軟體園區,68
5,古亭,1882
5,台北101/世貿,5607
5,台北小巨蛋,873
5,台北橋,1020
5,台北車站,8531
5,台大醫院,776
5,台電大樓,965
5,唭哩岸,9350
5,善導寺,2145
5,國父紀念館,2361
5,圓山,2972
5,土城,402
5,士林,1528
5,大坪林,1023
5,大安,1492
5,大安森林公園,1118
5,大橋頭站,704
5,大湖公園,233
5,大直,510
5,奇岩,350
5,小南門,230
5,小碧潭,137
5,市政府,7499
5,幸福,106
5,府中,3017
5,後山埤,1468
5,徐匯中學,705
5,復興崗,457
5,忠孝復興,4255
5,忠孝敦化,5247
5,忠孝新生,2066
5,忠義,111
5,文德,243
5,新北投,413
5,新北產業園區,93
5,新埔,2912
5,新埔民生,44
5,新店,1063
5,新店區公所,758
5,新莊,654
5,昆陽,1003
5,明德,2988
5,景安,1584
5,景平,74
5,景美,1079
5,木柵,223
5,東湖,731
5,東門,1209
5,松山,1171
5,松山機場,91
5,松江南京,1558
5,板新,68
5,橋和,19
5,民權西路,1640
5,永安市場,1364
5,永寧,460
5,永春,1470
5,江子翠,2041
5,海山,1040
5,淡水,2501
5,港墘,670
5,石牌,6964
5,秀朗橋,75
5,科技大樓,710
5,竹圍,633
5,紅樹林,574
5,芝山,3352
5,菜寮,743
5,萬芳社區,125
5,萬芳醫院,422
5,萬隆,779
5,葫洲,787
5,蘆洲,784
5,行天宮,1280
5,西湖,367
5,西門,10587
5,象山,2523
5,輔大,598
5,辛亥,178
5,迴龍,616
5,關渡,485
5,雙連,1063
5,頂埔,560
5,頂溪,2549
5,頭前庄,423
5,麟光,277
5,龍山寺,3114
6,BL板橋,1022709
6,Y板橋,108089
6,七張,690228
6,三和國中,905373
6,三民高中,840930
6,三重,271724
6,三重國小,865236
6,中原,37067
6,中和,122619
6,中山,457546
6,中山國中,337029
6,中山國小,543952
6,中正紀念堂,378095
6,丹鳳,616717
6,亞東醫院,1303473
6,信義安和,366310
6,先嗇宮,139753
6,內湖,317176
6,公館,644244
6,六張犁,362816
6,劍南路,158927
6,劍潭,913914
6,動物園,69697
6,北投,961141
6,北門,180427
6,十四張,22131
6,南京三民,402839
6,南京復興,526534
6,南勢角,1372896
6,南港,456929
6,南港展覽館,1151612
6,南港軟體園區,35590
6,古亭,708827
6,台北101/世貿,307317
6,台北小巨蛋,228045
6,台北橋,521479
6,台北車站,2487551
6,台大醫院,136546
6,台電大樓,445507
6,唭哩岸,500771
6,善導寺,209718
6,國父紀念館,315196
6,圓山,935628
6,土城,442327
6,士林,775929
6,大坪林,749415
6,大安,339809
6,大安森林公園,160273
6,大橋頭站,440164
6,大湖公園,107509
6,大直,178571
6,奇岩,488663
6,小南門,107714
6,小碧潭,98418
6,市政府,683033
6,幸福,86719
6,府中,1383217
6,後山埤,639085
6,徐匯中學,674642
6,復興崗,273192
6,忠孝復興,465538
6,忠孝敦化,407581
6,忠孝新生,379055
6,忠義,129098
6,文德,145238
6,新北投,89752
6,新北產業園區,45176
6,新埔,2018388
6,新埔民生,59396
6,新店,633711
6,新店區公所,504537
6,新莊,532633
6,昆陽,417649
6,明德,550538
6,景安,1298269
6,景平,95106
6,景美,635829
6,木柵,153306
6,東湖,303884
6,東門,375198
6,松山,564534
6,松山機場,76187
6,松江南京,309910
6,板新,73890
6,橋和,15434
6,民權西路,624471
6,永安市場,1290410
6,永寧,578815
6,永春,593833
6,江子翠,1433622
6,海山,1399793
6,淡水,1671248
6,港墘,230776
6,石牌,1058923
6,秀朗橋,74322
6,科技大樓,285563
6,竹圍,559820
6,紅樹林,394123
6,芝山,792694
6,菜寮,538989
6,萬芳社區,96354
6,萬芳醫院,382199
6,萬隆,505572
6,葫洲,306803
6,蘆洲,929423
6,行天宮,421200
6,西湖,154609
6,西門,1486133
6,象山,288416
6,輔大,364168
6,辛亥,170338
6,迴龍,602454
6,關渡,590567
6,雙連,380870
6,頂埔,552442
6,頂溪,1758251
6,頭前庄,233546
6,麟光,211621
6,龍山寺,1359937
7,BL板橋,4733446
7,Y板橋,468155
7,七張,2829695
7,三和國中,3259637
7,三民高中,3145586
7,三重,1332426
7,三重國小,3043764
7,中原,130635
7,中和,410490
7,中山,1359676
7,中山國中,1617903
7,中山國小,1511918
7,中正紀念堂,1603506
7,丹鳳,2808268
7,亞東醫院,5173717
7,信義安和,1256164
7,先嗇宮,520405
7,內湖,1714460
7,公館,1858802
7,六張犁,1640172
7,劍南路,872274
7,劍潭,2926906
7,動物園,588311
7,北投,3460085
7,北門,1032106
7,十四張,120215
7,南京三民,1807222
7,南京復興,1830153
7,南勢角,5025680
7,南港,2292073
7,南港展覽館,4811720
7,南港軟體園區,259512
7,古亭,2812113
7,台北101/世貿,1034201
7,台北小巨蛋,913409
7,台北橋,1923561
7,台北車站,10258671
7,台大醫院,477285
7,台電大樓,1817578
7,唭哩岸,1655777
7,善導寺,757816
7,國父紀念館,988608
7,圓山,3901282
7,土城,1728850
7,士林,2652591
7,大坪林,3062419
7,大安,1320103
7,大安森林公園,677030
7,大橋頭站,1655062
7,大湖公園,697889
7,大直,896694
7,奇岩,1727236
7,小南門,550631
7,小碧潭,443605
7,市政府,2606458
7,幸福,393019
7,府中,5417108
7,後山埤,2417986
7,徐匯中學,2855826
7,復興崗,919083
7,忠孝復興,1574850
7,忠孝敦化,1029277
7,忠孝新生,1518429
7,忠義,428513
7,文德,832083
7,新北投,482589
7,新北產業園區,226560
7,新埔,7962267
7,新埔民生,226848
7,新店,2685662
7,新店區公所,2266995
7,新莊,2553412
7,昆陽,1439758
7,明德,1936077
7,景安,5705362
7,景平,361578
7,景美,2378186
7,木柵,646399
7,東湖,1731243
7,東門,1436188
7,松山,2787107
7,松山機場,424855
7,松江南京,1044971
7,板新,273269
7,橋和,50960
7,民權西路,1819753
7,永安市場,5137671
7,永寧,2534380
7,永春,2258120
7,江子翠,5440765
7,海山,5175347
7,淡水,6526686
7,港墘,1169089
7,石牌,3626822
7,秀朗橋,293223
7,科技大樓,1305233
7,竹圍,1968678
7,紅樹林,2015303
7,芝山,3015769
7,菜寮,2354230
7,萬芳社區,568299
7,萬芳醫院,1904941
7,萬隆,2096674
7,葫洲,1458360
7,蘆洲,4173568
7,行天宮,1545699
7,西湖,734905
7,西門,4174077
7,象山,1282012
7,輔大,1246200
7,辛亥,700309
7,迴龍,3093342
7,關渡,1619239
7,雙連,1219394
7,頂埔,1852916
7,頂溪,6765164
7,頭前庄,1100026
7,麟光,892882
7,龍山寺,4184484
8,BL板橋,10251523
8,Y板橋,831325
8,七張,4968943
8,三和國中,5727351
8,三民高中,5522155
8,三重,2310977
8,三重國小,4893547
8,中原,178347
8,中和,651957
8,中山,2658442
8,中山國中,3066329
8,中山國小,2841829
8,中正紀念堂,2982607
8,丹鳳,4483652
8,亞東醫院,9320327
8,信義安和,2389751
8,先嗇宮,858257
8,內湖,3182084
8,公館,3242934
8,六張犁,3203866
8,劍南路,1661003
8,劍潭,4260614
8,動物園,1406122
8,北投,5320299
8,北門,2018238
8,十四張,210430
8,南京三民,3492983
8,南京復興,3365308
8,南勢角,10031154
8,南港,4454684
8,南港展覽館,7664145
8,南港軟體園區,480594
8,古亭,5288445
8,台北101/世貿,2028140
8,台北小巨蛋,1777578
8,台北橋,3322387
8,台北車站,22065019
8,台大醫院,927465
8,台電大樓,3128784
8,唭哩岸,2685537
8,善導寺,1414571
8,國父紀念館,1937585
8,圓山,5454533
8,土城,2963550
8,士林,4469651
8,大坪林,5410390
8,大安,2816030
8,大安森林公園,1261395
8,大橋頭站,2867467
8,大湖公園,1314051
8,大直,1890658
8,奇岩,2783246
8,小南門,1178637
8,小碧潭,796733
8,市政府,4389327
8,幸福,696145
8,府中,10295573
8,後山埤,4575506
8,徐匯中學,5389403
8,復興崗,1296120
8,忠孝復興,2772820
8,忠孝敦化,1943065
8,忠孝新生,2850653
8,忠義,544611
8,文德,1636221
8,新北投,764678
8,新北產業園區,374843
8,新埔,15194562
8,新埔民生,320534
8,新店,4749317
8,新店區公所,4483552
8,新莊,4566485
8,昆陽,2558600
8,明德,3483843
8,景安,10812987
8,景平,579715
8,景美,4438585
8,木柵,1312438
8,東湖,3387339
8,東門,2918012
8,松山,6007281
8,松山機場,708027
8,松江南京,2236270
8,板新,435294
8,橋和,75466
8,民權西路,2838109
8,永安市場,10995881
8,永寧,4145733
8,永春,4527456
8,江子翠,9791975
8,海山,9539869
8,淡水,9742823
8,港墘,2312629
8,石牌,6302290
8,秀朗橋,517629
8,科技大樓,2995657
8,竹圍,2752011
8,紅樹林,3588626
8,芝山,5892333
8,菜寮,3959945
8,萬芳社區,1295074
8,萬芳醫院,4487092
8,萬隆,3771422
8,葫洲,2789484
8,蘆洲,7019979
8,行天宮,2855433
8,西湖,1519353
8,西門,8013246
8,象山,2378242
8,輔大,2468792
8,辛亥,1595929
8,迴龍,4831100
8,關渡,2107215
8,雙連,2138838
8,頂埔,3268667
8,頂溪,13521426
8,頭前庄,2001512
8,麟光,1672375
8,龍山寺,6216183
9,BL板橋,6093646
9,Y板橋,447179
9,七張,3080765
9,三和國中,2902359
9,三民高中,2777692
9,三重,1184651
9,三重國小,2725561
9,中原,109434
9,中和,367784
9,中山,2105530
9,中山國中,1866451
9,中山國小,1991313
9,中正紀念堂,2103677
9,丹鳳,2346178
9,亞東醫院,5062537
9,信義安和,1658633
9,先嗇宮,471897
9,內湖,1861344
9,公館,2442056
9,六張犁,1944700
9,劍南路,997522
9,劍潭,3239617
9,動物園,669447
9,北投,3087293
9,北門,1242329
9,十四張,106579
9,南京三民,2234669
9,南京復興,2420514
9,南勢角,5182355
9,南港,2749095
9,南港展覽館,4627215
9,南港軟體園區,315552
9,古亭,3677071
9,台北101/世貿,1367496
9,台北小巨蛋,1277712
9,台北橋,1879053
9,台北車站,17615046
9,台大醫院,1405338
9,台電大樓,2037116
9,唭哩岸,1518480
9,善導寺,1333203
9,國父紀念館,1291140
9,圓山,3816952
9,土城,1659489
9,士林,3027257
9,大坪林,3258549
9,大安,2043841
9,大安森林公園,945474
9,大橋頭站,1920871
9,大湖公園,754896
9,大直,1142304
9,奇岩,1528096
9,小南門,765623
9,小碧潭,435003
9,市政府,3291010
9,幸福,321051
9,府中,6047316
9,後山埤,2760186
9,徐匯中學,2724688
9,復興崗,690672
9,忠孝復興,2195920
9,忠孝敦化,1513657
9,忠孝新生,2117486
9,忠義,355183
9,文德,939709
9,新北投,526193
9,新北產業園區,197645
9,新埔,8379418
9,新埔民生,144582
9,新店,2591198
9,新店區公所,2583177
9,新莊,2174536
9,昆陽,1767842
9,明德,2297640
9,景安,6151447
9,景平,291889
9,景美,2686276
9,木柵,804684
9,東湖,1840936
9,東門,2241524
9,松山,3029039
9,松山機場,559264
9,松江南京,1828469
9,板新,223321
9,橋和,49224
9,民權西路,2192342
9,永安市場,6140824
9,永寧,2838475
9,永春,2849922
9,江子翠,5451563
9,海山,4944085
9,淡水,5902941
9,港墘,1364386
9,石牌,4119796
9,秀朗橋,254165
9,科技大樓,1946093
9,竹圍,1722481
9,紅樹林,1947022
9,芝山,3485208
9,菜寮,2096106
9,萬芳社區,659921
9,萬芳醫院,2455184
9,萬隆,2115781
9,葫洲,1638386
9,蘆洲,3578174
9,行天宮,2257465
9,西湖,947726
9,西門,6046087
9,象山,1466596
9,輔大,1361849
9,辛亥,860585
9,迴龍,2331410
9,關渡,1449405
9,雙連,1881066
9,頂埔,1708763
9,頂溪,8195356
9,頭前庄,927281
9,麟光,988613
9,龍山寺,4526742
10,BL板橋,4355755
10,Y板橋,273770
10,七張,2121896
10,三和國中,1789747
10,三民高中,1762453
10,三重,717624
10,三重國小,1724407
10,中原,75985
10,中和,244224
10,中山,1939778
10,中山國中,1201756
10,中山國小,1510337
10,中正紀念堂,1982011
10,丹鳳,1432609
10,亞東醫院,3324687
10,信義安和,1235627
10,先嗇宮,308208
10,內湖,1119944
10,公館,1951636
10,六張犁,1153811
10,劍南路,617020
10,劍潭,2738032
10,動物園,388000
10,北投,2282158
10,北門,909203
10,十四張,73921
10,南京三民,1655419
10,南京復興,1947743
10,南勢角,3081065
10,南港,1873689
10,南港展覽館,3031493
10,南港軟體園區,207998
10,古亭,2728627
10,台北101/世貿,1137378
10,台北小巨蛋,1119801
10,台北橋,1250554
10,台北車站,14827445
10,台大醫院,2269688
10,台電大樓,1471889
10,唭哩岸,1009089
10,善導寺,1415106
10,國父紀念館,1095028
10,圓山,3069577
10,土城,1186172
10,士林,2478693
10,大坪林,2270654
10,大安,1535096
10,大安森林公園,810788
10,大橋頭站,1451054
10,大湖公園,431890
10,大直,757393
10,奇岩,1046166
10,小南門,737756
10,小碧潭,299534
10,市政府,2936687
10,幸福,179152
10,府中,4178486
10,後山埤,2000095
10,徐匯中學,1722231
10,復興崗,485035
10,忠孝復興,1995726
10,忠孝敦化,1428458
10,忠孝新生,1792967
10,忠義,307199
10,文德,556599
10,新北投,528122
10,新北產業園區,130891
10,新埔,5382528
10,新埔民生,93823
10,新店,1672709
10,新店區公所,1629093
10,新莊,1218481
10,昆陽,1345424
10,明德,1679657
10,景安,3717621
10,景平,199659
10,景美,2013373
10,木柵,523739
10,東湖,1010608
10,東門,1857098
10,松山,1836030
10,松山機場,532379
10,松江南京,1747554
10,板新,129557
10,橋和,44163
10,民權西路,1902643
10,永安市場,3592604
10,永寧,1886814
10,永春,2010682
10,江子翠,3420427
10,海山,3142539
10,淡水,4165269
10,港墘,915164
10,石牌,3404379
10,秀朗橋,156933
10,科技大樓,1155033
10,竹圍,1277869
10,紅樹林,1301898
10,芝山,2198847
10,菜寮,1281952
10,萬芳社區,351207
10,萬芳醫院,1554340
10,萬隆,1334690
10,葫洲,948323
10,蘆洲,2136572
10,行天宮,1931789
10,西湖,653912
10,西門,5571380
10,象山,991056
10,輔大,983888
10,辛亥,453273
10,迴龍,1358938
10,關渡,1236878
10,雙連,2146743
10,頂埔,1088668
10,頂溪,5019922
10,頭前庄,560904
10,麟光,618811
10,龍山寺,3737488
11,BL板橋,4220733
11,Y板橋,271475
11,七張,2057650
11,三和國中,1497789
11,三民高中,1479855
11,三重,698910
11,三重國小,1401381
11,中原,83031
11,中和,247443
11,中山,2398141
11,中山國中,1238328
11,中山國小,1478056
11,中正紀念堂,2558924
11,丹鳳,1181631
11,亞東醫院,2983366
11,信義安和,1337190
11,先嗇宮,313150
11,內湖,1126836
11,公館,2158531
11,六張犁,1084495
11,劍南路,676576
11,劍潭,2806843
11,動物園,472210
11,北投,2274956
11,北門,1054109
11,十四張,83184
11,南京三民,1768545
11,南京復興,2254890
11,南勢角,2631992
11,南港,1741425
11,南港展覽館,2832622
11,南港軟體園區,254548
11,古亭,2874609
11,台北101/世貿,1523890
11,台北小巨蛋,1371364
11,台北橋,1111487
11,台北車站,15690168
11,台大醫院,2751801
11,台電大樓,1557782
11,唭哩岸,943016
11,善導寺,1858890
11,國父紀念館,1380368
11,圓山,3127915
11,土城,1033105
11,士林,2722871
11,大坪林,2291470
11,大安,1769184
11,大安森林公園,997870
11,大橋頭站,1422410
11,大湖公園,459861
11,大直,835549
11,奇岩,980447
11,小南門,891822
11,小碧潭,334268
11,市政府,3466271
11,幸福,173690
11,府中,3643113
11,後山埤,1997713
11,徐匯中學,1456312
11,復興崗,456560
11,忠孝復興,2620693
11,忠孝敦化,1818279
11,忠孝新生,2230705
11,忠義,344925
11,文德,579138
11,新北投,638443
11,新北產業園區,134075
11,新埔,4599771
11,新埔民生,91074
11,新店,1614140
11,新店區公所,1535239
11,新莊,1099323
11,昆陽,1382602
11,明德,1666250
11,景安,3233712
11,景平,192807
11,景美,2001442
11,木柵,469704
11,東湖,928428
11,東門,2289574
11,松山,1872590
11,松山機場,577891
11,松江南京,2162343
11,板新,118748
11,橋和,61637
11,民權西路,2024004
11,永安市場,3140978
11,永寧,1680188
11,永春,2036869
11,江子翠,2949451
11,海山,2685386
11,淡水,3774377
11,港墘,1017106
11,石牌,3628093
11,秀朗橋,150703
11,科技大樓,1196803
11,竹圍,1223830
11,紅樹林,1277405
11,芝山,2144039
11,菜寮,1105130
11,萬芳社區,305198
11,萬芳醫院,1541763
11,萬隆,1272772
11,葫洲,928339
11,蘆洲,1737932
11,行天宮,2301076
11,西湖,766292
11,西門,6116346
11,象山,1049434
11,輔大,948618
11,辛亥,400352
11,迴龍,1167254
11,關渡,1330996
11,雙連,2443126
11,頂埔,944551
11,頂溪,4472647
11,頭前庄,523272
11,麟光,589482
11,龍山寺,3748473
12,BL板橋,4411731
12,Y板橋,301671
12,七張,1951435
12,三和國中,1361043
12,三民高中,1369153
12,三重,701868
12,三重國小,1312851
12,中原,100726
12,中和,254998
12,中山,3371654
12,中山國中,1393265
12,中山國小,1650508
12,中正紀念堂,3532778
12,丹鳳,1061252
12,亞東醫院,2844940
12,信義安和,1505990
12,先嗇宮,342131
12,內湖,1114804
12,公館,2907593
12,六張犁,1131546
12,劍南路,832924
12,劍潭,3160220
12,動物園,688551
12,北投,2200826
12,北門,1234884
12,十四張,89058
12,南京三民,1972137
12,南京復興,2978343
12,南勢角,2340276
12,南港,1793454
12,南港展覽館,2950139
12,南港軟體園區,346376
12,古亭,3566912
12,台北101/世貿,2262331
12,台北小巨蛋,1783730
12,台北橋,1062321
12,台北車站,17180402
12,台大醫院,2887775
12,台電大樓,1785514
12,唭哩岸,855465
12,善導寺,2488118
12,國父紀念館,1904382
12,圓山,3219764
12,土城,947574
12,士林,3295033
12,大坪林,2360969
12,大安,2289737
12,大安森林公園,1130026
12,大橋頭站,1473119
12,大湖公園,451610
12,大直,1020826
12,奇岩,1045196
12,小南門,1220728
12,小碧潭,324585
12,市政府,4402053
12,幸福,166795
12,府中,3618320
12,後山埤,1950521
12,徐匯中學,1354857
12,復興崗,434732
12,忠孝復興,3679631
12,忠孝敦化,2391206
12,忠孝新生,3132983
12,忠義,365752
12,文德,560787
12,新北投,802780
12,新北產業園區,144697
12,新埔,4557274
12,新埔民生,97423
12,新店,1486434
12,新店區公所,1398592
12,新莊,1053272
12,昆陽,1500468
12,明德,1595277
12,景安,2926711
12,景平,180623
12,景美,2069210
12,木柵,500247
12,東湖,910832
12,東門,2804790
12,松山,1893614
12,松山機場,592452
12,松江南京,2816386
12,板新,122448
12,橋和,73599
12,民權西路,2376188
12,永安市場,2906571
12,永寧,1514761
12,永春,2079128
12,江子翠,2823526
12,海山,2476167
12,淡水,3684502
12,港墘,1167474
12,石牌,3880715
12,秀朗橋,135644
12,科技大樓,1502509
12,竹圍,1202818
12,紅樹林,1253019
12,芝山,2254029
12,菜寮,1077986
12,萬芳社區,277120
12,萬芳醫院,1601557
12,萬隆,1161566
12,葫洲,945135
12,蘆洲,1576800
12,行天宮,2781943
12,西湖,1105020
12,西門,6810398
12,象山,1114102
12,輔大,1298519
12,辛亥,389737
12,迴龍,1068729
12,關渡,1493022
12,雙連,2662613
12,頂埔,856713
12,頂溪,4175999
12,頭前庄,530041
12,麟光,553991
12,龍山寺,3758327
13,BL板橋,4699451
13,Y板橋,347869
13,七張,2081728
13,三和國中,1362902
13,三民高中,1396571
13,三重,720849
13,三重國小,1357641
13,中原,93095
13,中和,256612
13,中山,4376968
13,中山國中,1447394
13,中山國小,1636529
13,中正紀念堂,3256145
13,丹鳳,1056776
13,亞東醫院,2581779
13,信義安和,1659197
13,先嗇宮,354970
13,內湖,1174048
13,公館,3428479
13,六張犁,1185343
13,劍南路,1002523
13,劍潭,3195568
13,動物園,910183
13,北投,2245463
13,北門,1336494
13,十四張,87372
13,南京三民,2155233
13,南京復興,3296463
13,南勢角,2467328
13,南港,2079899
13,南港展覽館,3049691
13,南港軟體園區,418852
13,古亭,3751939
13,台北101/世貿,2772218
13,台北小巨蛋,1824464
13,台北橋,1108784
13,台北車站,18434133
13,台大醫院,2450888
13,台電大樓,1870462
13,唭哩岸,872955
13,善導寺,2143340
13,國父紀念館,2117395
13,圓山,3314780
13,土城,925975
13,士林,3754543
13,大坪林,2524403
13,大安,2286273
13,大安森林公園,1128204
13,大橋頭站,1473325
13,大湖公園,433169
13,大直,1003952
13,奇岩,1025207
13,小南門,903995
13,小碧潭,396021
13,市政府,5354735
13,幸福,174917
13,府中,3693734
13,後山埤,2008396
13,徐匯中學,1393480
13,復興崗,424458
13,忠孝復興,4877526
13,忠孝敦化,2961395
13,忠孝新生,3396571
13,忠義,351085
13,文德,560901
13,新北投,836479
13,新北產業園區,151011
13,新埔,4830134
13,新埔民生,109502
13,新店,1564320
13,新店區公所,1409804
13,新莊,1065431
13,昆陽,1515445
13,明德,1484483
13,景安,2987740
13,景平,187999
13,景美,2066729
13,木柵,501626
13,東湖,904546
13,東門,3086188
13,松山,2077806
13,松山機場,660645
13,松江南京,3040217
13,板新,124407
13,橋和,71358
13,民權西路,2510962
13,永安市場,3151807
13,永寧,1457502
13,永春,2231155
13,江子翠,2963638
13,海山,2512392
13,淡水,4178653
13,港墘,1158729
13,石牌,3847951
13,秀朗橋,141018
13,科技大樓,1595191
13,竹圍,1204246
13,紅樹林,1237516
13,芝山,2572326
13,菜寮,1075170
13,萬芳社區,282503
13,萬芳醫院,1566600
13,萬隆,1246639
13,葫洲,985800
13,蘆洲,1550308
13,行天宮,2967673
13,西湖,1196194
13,西門,7480340
13,象山,1170538
13,輔大,1334678
13,辛亥,362664
13,迴龍,1103033
13,關渡,1451033
13,雙連,2549258
13,頂埔,836958
13,頂溪,4396982
13,頭前庄,544260
13,麟光,553303
13,龍山寺,3865386
14,BL板橋,4390279
14,Y板橋,364425
14,七張,1778515
14,三和國中,1112945
14,三民高中,1146428
14,三重,647675
14,三重國小,1154030
14,中原,86551
14,中和,238005
14,中山,5269448
14,中山國中,1349730
14,中山國小,1604671
14,中正紀念堂,3077170
14,丹鳳,843043
14,亞東醫院,2163185
14,信義安和,1718136
14,先嗇宮,321867
14,內湖,1025077
14,公館,3388550
14,六張犁,1075384
14,劍南路,1222341
14,劍潭,3075718
14,動物園,1067506
14,北投,2028127
14,北門,1366580
14,十四張,83503
14,南京三民,2158574
14,南京復興,3576621
14,南勢角,2061534
14,南港,1931148
14,南港展覽館,2731404
14,南港軟體園區,398841
14,古亭,3441063
14,台北101/世貿,3275637
14,台北小巨蛋,1920241
14,台北橋,984773
14,台北車站,17567825
14,台大醫院,2767094
14,台電大樓,1775670
14,唭哩岸,774379
14,善導寺,2139095
14,國父紀念館,2332700
14,圓山,3199220
14,土城,769172
14,士林,3583289
14,大坪林,2284301
14,大安,2123310
14,大安森林公園,1129506
14,大橋頭站,1357405
14,大湖公園,388969
14,大直,867918
14,奇岩,872935
14,小南門,826726
14,小碧潭,378360
14,市政府,6210502
14,幸福,157592
14,府中,3335873
14,後山埤,1798803
14,徐匯中學,1200244
14,復興崗,356845
14,忠孝復興,5801672
14,忠孝敦化,3687156
14,忠孝新生,3735138
14,忠義,299832
14,文德,476709
14,新北投,844848
14,新北產業園區,147853
14,新埔,4094873
14,新埔民生,103996
14,新店,1395393
14,新店區公所,1204443
14,新莊,913643
14,昆陽,1258373
14,明德,1304559
14,景安,2473533
14,景平,169179
14,景美,1741562
14,木柵,411760
14,東湖,734497
14,東門,3087625
14,松山,1892722
14,松山機場,716816
14,松江南京,3438129
14,板新,109900
14,橋和,73193
14,民權西路,2414729
14,永安市場,2671036
14,永寧,1218802
14,永春,1985287
14,江子翠,2555355
14,海山,2025976
14,淡水,4262325
14,港墘,997432
14,石牌,3353053
14,秀朗橋,127103
14,科技大樓,1395817
14,竹圍,1055182
14,紅樹林,1080372
14,芝山,2522239
14,菜寮,920150
14,萬芳社區,231964
14,萬芳醫院,1255848
14,萬隆,1082757
14,葫洲,761557
14,蘆洲,1234854
14,行天宮,3022633
14,西湖,1026996
14,西門,8029679
14,象山,1087602
14,輔大,1117634
14,辛亥,300505
14,迴龍,879717
14,關渡,1272306
14,雙連,2396131
14,頂埔,680500
14,頂溪,3771065
14,頭前庄,507597
14,麟光,482078
14,龍山寺,3600623
15,BL板橋,4211498
15,Y板橋,413013
15,七張,1548113
15,三和國中,921707
15,三民高中,899782
15,三重,617741
15,三重國小,962960
15,中原,92207
15,中和,238797
15,中山,5829310
15,中山國中,1292643
15,中山國小,1596543
15,中正紀念堂,3362920
15,丹鳳,678604
15,亞東醫院,2139582
15,信義安和,1702743
15,先嗇宮,351217
15,內湖,928082
15,公館,3627794
15,六張犁,973058
15,劍南路,1470598
15,劍潭,3488603
15,動物園,1384229
15,北投,1788647
15,北門,1497950
15,十四張,90974
15,南京三民,2074180
15,南京復興,3515613
15,南勢角,1730113
15,南港,1904635
15,南港展覽館,2702094
15,南港軟體園區,390975
15,古亭,3505060
15,台北101/世貿,3961406
15,台北小巨蛋,2044433
15,台北橋,915046
15,台北車站,17524946
15,台大醫院,3286844
15,台電大樓,1832328
15,唭哩岸,683608
15,善導寺,2393806
15,國父紀念館,2463089
15,圓山,3256409
15,土城,656773
15,士林,3826753
15,大坪林,2098986
15,大安,2230717
15,大安森林公園,1287355
15,大橋頭站,1384061
15,大湖公園,391885
15,大直,1025064
15,奇岩,758292
15,小南門,1122776
15,小碧潭,389355
15,市政府,7179716
15,幸福,152929
15,府中,2967553
15,後山埤,1675050
15,徐匯中學,1039078
15,復興崗,326861
15,忠孝復興,6619359
15,忠孝敦化,4151037
15,忠孝新生,4393494
15,忠義,293658
15,文德,457254
15,新北投,922944
15,新北產業園區,179212
15,新埔,3752735
15,新埔民生,106711
15,新店,1316782
15,新店區公所,1020316
15,新莊,817257
15,昆陽,1180963
15,明德,1305688
15,景安,2050288
15,景平,151621
15,景美,1758176
15,木柵,377203
15,東湖,632385
15,東門,2928202
15,松山,1856741
15,松山機場,647138
15,松江南京,3356086
15,板新,107058
15,橋和,94792
15,民權西路,2495371
15,永安市場,2214612
15,永寧,1091646
15,永春,1950379
15,江子翠,2194260
15,海山,1693088
15,淡水,4586863
15,港墘,952102
15,石牌,3390400
15,秀朗橋,109373
15,科技大樓,1435932
15,竹圍,956378
15,紅樹林,1001402
15,芝山,2408877
15,菜寮,823489
15,萬芳社區,197681
15,萬芳醫院,1301908
15,萬隆,929476
15,葫洲,679651
15,蘆洲,998411
15,行天宮,3063371
15,西湖,1091297
15,西門,8780894
15,象山,1115825
15,輔大,1147196
15,辛亥,253418
15,迴龍,824492
15,關渡,1474603
15,雙連,2602993
15,頂埔,589607
15,頂溪,3156645
15,頭前庄,545442
15,麟光,431212
15,龍山寺,3566636
16,BL板橋,4581258
16,Y板橋,492462
16,七張,1729060
16,三和國中,1053342
16,三民高中,1048949
16,三重,701145
16,三重國小,928519
16,中原,123487
16,中和,254940
16,中山,6582639
16,中山國中,1398111
16,中山國小,2023493
16,中正紀念堂,4719737
16,丹鳳,678655
16,亞東醫院,2457255
16,信義安和,1869715
16,先嗇宮,436782
16,內湖,962923
16,公館,4336179
16,六張犁,1138922
16,劍南路,1664011
16,劍潭,4530500
16,動物園,1817728
16,北投,2169013
16,北門,1786323
16,十四張,184089
16,南京三民,2654587
16,南京復興,4195118
16,南勢角,1722906
16,南港,2555516
16,南港展覽館,3128224
16,南港軟體園區,536547
16,古亭,4058875
16,台北101/世貿,4559553
16,台北小巨蛋,2675888
16,台北橋,932158
16,台北車站,19140067
16,台大醫院,3721576
16,台電大樓,2417082
16,唭哩岸,749635
16,善導寺,3656928
16,國父紀念館,2905064
16,圓山,4243933
16,土城,712762
16,士林,4644662
16,大坪林,2665058
16,大安,4271453
16,大安森林公園,1586937
16,大橋頭站,1822755
16,大湖公園,463130
16,大直,1381865
16,奇岩,856215
16,小南門,1608758
16,小碧潭,467879
16,市政府,9129727
16,幸福,159730
16,府中,3190039
16,後山埤,1927256
16,徐匯中學,968731
16,復興崗,377140
16,忠孝復興,7427891
16,忠孝敦化,4834034
16,忠孝新生,5517719
16,忠義,393860
16,文德,914720
16,新北投,1395480
16,新北產業園區,215677
16,新埔,3752342
16,新埔民生,111041
16,新店,1621590
16,新店區公所,1068125
16,新莊,997129
16,昆陽,1546562
16,明德,1922119
16,景安,2016353
16,景平,167466
16,景美,2026696
16,木柵,821107
16,東湖,1018844
16,東門,3469997
16,松山,2063414
16,松山機場,759945
16,松江南京,4182020
16,板新,135486
16,橋和,110998
16,民權西路,3100505
16,永安市場,2152402
16,永寧,1284165
16,永春,2737050
16,江子翠,2290748
16,海山,2321428
16,淡水,5527766
16,港墘,1624828
16,石牌,4323807
16,秀朗橋,111683
16,科技大樓,1760847
16,竹圍,1056152
16,紅樹林,1086323
16,芝山,2766249
16,菜寮,968658
16,萬芳社區,208037
16,萬芳醫院,1657111
16,萬隆,974489
16,葫洲,848103
16,蘆洲,988362
16,行天宮,3505547
16,西湖,1427999
16,西門,10150965
16,象山,1389515
16,輔大,1772564
16,辛亥,266205
16,迴龍,953449
16,關渡,1850196
16,雙連,2983251
16,頂埔,659990
16,頂溪,3188470
16,頭前庄,595860
16,麟光,427083
16,龍山寺,4084838
17,BL板橋,6302833
17,Y板橋,711849
17,七張,2439851
17,三和國中,1306276
17,三民高中,1373904
17,三重,1014288
17,三重國小,1132164
17,中原,355019
17,中和,353354
17,中山,8670747
17,中山國中,2136153
17,中山國小,3076114
17,中正紀念堂,8464674
17,丹鳳,1013109
17,亞東醫院,3329938
17,信義安和,3001600
17,先嗇宮,938516
17,內湖,1300889
17,公館,6786401
17,六張犁,1778513
17,劍南路,2263303
17,劍潭,5890725
17,動物園,2508875
17,北投,2808876
17,北門,2754233
17,十四張,261457
17,南京三民,4579335
17,南京復興,7215804
17,南勢角,2191413
17,南港,3554759
17,南港展覽館,5165465
17,南港軟體園區,997140
17,古亭,6651401
17,台北101/世貿,6625937
17,台北小巨蛋,5343953
17,台北橋,1184328
17,台北車站,26231218
17,台大醫院,6206109
17,台電大樓,3864791
17,唭哩岸,978802
17,善導寺,5879570
17,國父紀念館,4060507
17,圓山,5380370
17,土城,978462
17,士林,6600603
17,大坪林,3740674
17,大安,6520345
17,大安森林公園,2324103
17,大橋頭站,2642379
17,大湖公園,563164
17,大直,2315595
17,奇岩,1297786
17,小南門,3033535
17,小碧潭,722834
17,市政府,13281526
17,幸福,248703
17,府中,4122848
17,後山埤,2690220
17,徐匯中學,1319398
17,復興崗,560518
17,忠孝復興,9240103
17,忠孝敦化,6833185
17,忠孝新生,7907642
17,忠義,635833
17,文德,1440228
17,新北投,1751717
17,新北產業園區,469937
17,新埔,4891849
17,新埔民生,150155
17,新店,2309620
17,新店區公所,1556019
17,新莊,1273294
17,昆陽,2846336
17,明德,2583081
17,景安,2689170
17,景平,230041
17,景美,2996383
17,木柵,875998
17,東湖,1324250
17,東門,5314743
17,松山,3031126
17,松山機場,986283
17,松江南京,7746452
17,板新,212902
17,橋和,242076
17,民權西路,5234006
17,永安市場,3003730
17,永寧,1900876
17,永春,4117359
17,江子翠,2953411
17,海山,2553295
17,淡水,6652340
17,港墘,2896760
17,石牌,5678341
17,秀朗橋,142829
17,科技大樓,2712436
17,竹圍,1425310
17,紅樹林,1489963
17,芝山,4263656
17,菜寮,1508094
17,萬芳社區,282709
17,萬芳醫院,2233206
17,萬隆,1371047
17,葫洲,1403189
17,蘆洲,1249531
17,行天宮,5372630
17,西湖,2627222
17,西門,13578022
17,象山,2414472
17,輔大,2203432
17,辛亥,417205
17,迴龍,1324587
17,關渡,2388908
17,雙連,4215235
17,頂埔,1325639
17,頂溪,4275042
17,頭前庄,944948
17,麟光,530257
17,龍山寺,5121350
18,BL板橋,7885443
18,Y板橋,972081
18,七張,3193188
18,三和國中,1444492
18,三民高中,1328150
18,三重,1278860
18,三重國小,1314757
18,中原,868954
18,中和,498457
18,中山,11604861
18,中山國中,4307134
18,中山國小,4827198
18,中正紀念堂,8240895
18,丹鳳,1177822
18,亞東醫院,3277542
18,信義安和,5749408
18,先嗇宮,2197597
18,內湖,1418036
18,公館,7585170
18,六張犁,2625210
18,劍南路,3122823
18,劍潭,6810907
18,動物園,1761047
18,北投,3095523
18,北門,3752866
18,十四張,249351
18,南京三民,7787568
18,南京復興,14975834
18,南勢角,2288338
18,南港,4475093
18,南港展覽館,8843759
18,南港軟體園區,2757243
18,古亭,8535980
18,台北101/世貿,11050725
18,台北小巨蛋,8370376
18,台北橋,1348166
18,台北車站,31901859
18,台大醫院,6546261
18,台電大樓,4219376
18,唭哩岸,1151099
18,善導寺,7453568
18,國父紀念館,6374308
18,圓山,5824086
18,土城,1059239
18,士林,6758265
18,大坪林,5693376
18,大安,7685107
18,大安森林公園,2758584
18,大橋頭站,3366735
18,大湖公園,562622
18,大直,2138499
18,奇岩,2201299
18,小南門,2830585
18,小碧潭,625154
18,市政府,19063944
18,幸福,314652
18,府中,4076268
18,後山埤,3213548
18,徐匯中學,1393658
18,復興崗,645674
18,忠孝復興,11649606
18,忠孝敦化,10729041
18,忠孝新生,10900292
18,忠義,779386
18,文德,1203805
18,新北投,1513871
18,新北產業園區,918504
18,新埔,5813218
18,新埔民生,176173
18,新店,1932124
18,新店區公所,1805168
18,新莊,1498171
18,昆陽,4678810
18,明德,2111423
18,景安,3354964
18,景平,345424
18,景美,3126446
18,木柵,767618
18,東湖,1209695
18,東門,6579597
18,松山,6011681
18,松山機場,1382852
18,松江南京,16194982
18,板新,305197
18,橋和,602253
18,民權西路,7440224
18,永安市場,3305499
18,永寧,2375548
18,永春,4716598
18,江子翠,3873075
18,海山,2425129
18,淡水,7112324
18,港墘,6415790
18,石牌,6665623
18,秀朗橋,159644
18,科技大樓,3990431
18,竹圍,1390176
18,紅樹林,1835073
18,芝山,5246023
18,菜寮,1478164
18,萬芳社區,365329
18,萬芳醫院,2202151
18,萬隆,1607227
18,葫洲,1605639
18,蘆洲,1347489
18,行天宮,9812629
18,西湖,7184070
18,西門,16082260
18,象山,4173038
18,輔大,2639662
18,辛亥,383662
18,迴龍,1300287
18,關渡,3075412
18,雙連,5316462
18,頂埔,2225855
18,頂溪,4555380
18,頭前庄,1193398
18,麟光,608199
18,龍山寺,5195043
19,BL板橋,6017257
19,Y板橋,800603
19,七張,2090042
19,三和國中,911101
19,三民高中,789349
19,三重,860066
19,三重國小,918082
19,中原,463809
19,中和,326400
19,中山,9547055
19,中山國中,3094714
19,中山國小,3527175
19,中正紀念堂,4154486
19,丹鳳,692866
19,亞東醫院,2225718
19,信義安和,4502920
19,先嗇宮,1232840
19,內湖,975885
19,公館,5115367
19,六張犁,1881577
19,劍南路,2427387
19,劍潭,5439718
19,動物園,744657
19,北投,1862424
19,北門,2489434
19,十四張,107606
19,南京三民,5408516
19,南京復興,10363989
19,南勢角,1525980
19,南港,3372522
19,南港展覽館,6404443
19,南港軟體園區,1983902
19,古亭,5611142
19,台北101/世貿,8458880
19,台北小巨蛋,5880561
19,台北橋,1041416
19,台北車站,24889091
19,台大醫院,3693865
19,台電大樓,2915717
19,唭哩岸,815897
19,善導寺,3853821
19,國父紀念館,5001347
19,圓山,4216713
19,土城,622792
19,士林,4386226
19,大坪林,4244324
19,大安,4764145
19,大安森林公園,1444964
19,大橋頭站,2246450
19,大湖公園,305922
19,大直,1289763
19,奇岩,1500587
19,小南門,1424708
19,小碧潭,404683
19,市政府,15597739
19,幸福,219736
19,府中,2908081
19,後山埤,2280884
19,徐匯中學,915819
19,復興崗,341835
19,忠孝復興,10226651
19,忠孝敦化,8407950
19,忠孝新生,7342564
19,忠義,614557
19,文德,663561
19,新北投,789126
19,新北產業園區,539468
19,新埔,4034732
19,新埔民生,138042
19,新店,1388824
19,新店區公所,1086780
19,新莊,874946
19,昆陽,3006031
19,明德,1200292
19,景安,2519884
19,景平,256607
19,景美,2072468
19,木柵,401892
19,東湖,681761
19,東門,4356799
19,松山,5984078
19,松山機場,925477
19,松江南京,9595293
19,板新,189058
19,橋和,390135
19,民權西路,4936092
19,永安市場,2187201
19,永寧,1448490
19,永春,3252481
19,江子翠,2714265
19,海山,1518402
19,淡水,5604856
19,港墘,5501747
19,石牌,3819021
19,秀朗橋,101439
19,科技大樓,2677381
19,竹圍,915541
19,紅樹林,1038542
19,芝山,3574216
19,菜寮,858142
19,萬芳社區,190574
19,萬芳醫院,1297192
19,萬隆,1048202
19,葫洲,942507
19,蘆洲,863813
19,行天宮,6702219
19,西湖,6333399
19,西門,12258501
19,象山,3561368
19,輔大,1314933
19,辛亥,246468
19,迴龍,759898
19,關渡,2533870
19,雙連,3867647
19,頂埔,1346290
19,頂溪,3116936
19,頭前庄,701000
19,麟光,401223
19,龍山寺,3626992
20,BL板橋,4560976
20,Y板橋,636217
20,七張,1180368
20,三和國中,584505
20,三民高中,495515
20,三重,587795
20,三重國小,687239
20,中原,170966
20,中和,212274
20,中山,8185706
20,中山國中,1740063
20,中山國小,2198961
20,中正紀念堂,2656306
20,丹鳳,422940
20,亞東醫院,1352325
20,信義安和,2566550
20,先嗇宮,493315
20,內湖,673437
20,公館,3974987
20,六張犁,1059581
20,劍南路,1640431
20,劍潭,4603198
20,動物園,424036
20,北投,1285450
20,北門,1473845
20,十四張,58578
20,南京三民,2918567
20,南京復興,5895808
20,南勢角,1007225
20,南港,2212605
20,南港展覽館,2527202
20,南港軟體園區,999729
20,古亭,3783073
20,台北101/世貿,5106723
20,台北小巨蛋,3384526
20,台北橋,891032
20,台北車站,19901387
20,台大醫院,2269081
20,台電大樓,2313354
20,唭哩岸,532143
20,善導寺,2387235
20,國父紀念館,3399586
20,圓山,2774036
20,土城,409151
20,士林,3144296
20,大坪林,2286458
20,大安,2939532
20,大安森林公園,884507
20,大橋頭站,1586551
20,大湖公園,172403
20,大直,876038
20,奇岩,749621
20,小南門,869966
20,小碧潭,293954
20,市政府,11169360
20,幸福,138077
20,府中,2445235
20,後山埤,1470128
20,徐匯中學,632539
20,復興崗,201244
20,忠孝復興,8975774
20,忠孝敦化,6454963
20,忠孝新生,4923780
20,忠義,333231
20,文德,393633
20,新北投,529200
20,新北產業園區,262438
20,新埔,2726495
20,新埔民生,107257
20,新店,985811
20,新店區公所,629111
20,新莊,848493
20,昆陽,1305736
20,明德,841005
20,景安,1423452
20,景平,137650
20,景美,1465504
20,木柵,233420
20,東湖,417117
20,東門,3284751
20,松山,3677467
20,松山機場,557428
20,松江南京,5158044
20,板新,112914
20,橋和,147007
20,民權西路,3160020
20,永安市場,1520607
20,永寧,836005
20,永春,1952800
20,江子翠,1790612
20,海山,975424
20,淡水,4089965
20,港墘,2304540
20,石牌,2650905
20,秀朗橋,63294
20,科技大樓,1585492
20,竹圍,672681
20,紅樹林,541153
20,芝山,2624252
20,菜寮,553097
20,萬芳社區,95563
20,萬芳醫院,809279
20,萬隆,646398
20,葫洲,520498
20,蘆洲,533899
20,行天宮,3833464
20,西湖,2555284
20,西門,10200630
20,象山,1794059
20,輔大,863276
20,辛亥,136746
20,迴龍,480274
20,關渡,1308941
20,雙連,2949053
20,頂埔,645257
20,頂溪,2267334
20,頭前庄,437070
20,麟光,257968
20,龍山寺,2704649
21,BL板橋,4534964
21,Y板橋,663170
21,七張,1006579
21,三和國中,544860
21,三民高中,505112
21,三重,546418
21,三重國小,680734
21,中原,95339
21,中和,207747
21,中山,9188913
21,中山國中,1534627
21,中山國小,2032854
21,中正紀念堂,3176345
21,丹鳳,360905
21,亞東醫院,1132230
21,信義安和,2465371
21,先嗇宮,333476
21,內湖,689908
21,公館,4210684
21,六張犁,936275
21,劍南路,1963421
21,劍潭,4856255
21,動物園,327996
21,北投,1128026
21,北門,1321896
21,十四張,47404
21,南京三民,2585868
21,南京復興,5665246
21,南勢角,933529
21,南港,1916426
21,南港展覽館,1775620
21,南港軟體園區,682589
21,古亭,3888309
21,台北101/世貿,5012512
21,台北小巨蛋,3445253
21,台北橋,897889
21,台北車站,20687754
21,台大醫院,2175478
21,台電大樓,2494722
21,唭哩岸,414741
21,善導寺,2911598
21,國父紀念館,3472278
21,圓山,2709858
21,土城,357543
21,士林,3023286
21,大坪林,1816706
21,大安,3273947
21,大安森林公園,930623
21,大橋頭站,1469888
21,大湖公園,164477
21,大直,907201
21,奇岩,551589
21,小南門,891897
21,小碧潭,315380
21,市政府,11269415
21,幸福,125660
21,府中,2860321
21,後山埤,1241491
21,徐匯中學,704243
21,復興崗,168273
21,忠孝復興,9820746
21,忠孝敦化,7209724
21,忠孝新生,5222422
21,忠義,202910
21,文德,391511
21,新北投,676979
21,新北產業園區,206344
21,新埔,2542223
21,新埔民生,103650
21,新店,830124
21,新店區公所,541769
21,新莊,784602
21,昆陽,890686
21,明德,760077
21,景安,1126697
21,景平,104667
21,景美,1486104
21,木柵,188201
21,東湖,446560
21,東門,3600069
21,松山,3267517
21,松山機場,502175
21,松江南京,4734524
21,板新,102895
21,橋和,91904
21,民權西路,2823781
21,永安市場,1557165
21,永寧,656950
21,永春,1833433
21,江子翠,1651690
21,海山,902294
21,淡水,3215151
21,港墘,1605076
21,石牌,2422146
21,秀朗橋,55184
21,科技大樓,1574802
21,竹圍,579321
21,紅樹林,417487
21,芝山,2525810
21,菜寮,547606
21,萬芳社區,79151
21,萬芳醫院,769567
21,萬隆,569388
21,葫洲,432154
21,蘆洲,481220
21,行天宮,3267150
21,西湖,1514020
21,西門,11012571
21,象山,1349094
21,輔大,1026626
21,辛亥,115249
21,迴龍,432467
21,關渡,930573
21,雙連,2890570
21,頂埔,394094
21,頂溪,2219391
21,頭前庄,416932
21,麟光,233915
21,龍山寺,2604985
22,BL板橋,4198593
22,Y板橋,639372
22,七張,786642
22,三和國中,430166
22,三民高中,425021
22,三重,497724
22,三重國小,583259
22,中原,63382
22,中和,154131
22,中山,7651767
22,中山國中,1164289
22,中山國小,1716036
22,中正紀念堂,2815292
22,丹鳳,323722
22,亞東醫院,781453
22,信義安和,2013732
22,先嗇宮,243383
22,內湖,536456
22,公館,3963631
22,六張犁,777781
22,劍南路,2087696
22,劍潭,4120254
22,動物園,243059
22,北投,764716
22,北門,938981
22,十四張,31692
22,南京三民,2016982
22,南京復興,4406989
22,南勢角,724499
22,南港,1548050
22,南港展覽館,1342439
22,南港軟體園區,356082
22,古亭,3579501
22,台北101/世貿,5119706
22,台北小巨蛋,2863689
22,台北橋,766843
22,台北車站,22549238
22,台大醫院,2306298
22,台電大樓,2056076
22,唭哩岸,277097
22,善導寺,2388945
22,國父紀念館,3179575
22,圓山,1844785
22,土城,264866
22,士林,2541144
22,大坪林,1270531
22,大安,2757486
22,大安森林公園,676966
22,大橋頭站,1144247
22,大湖公園,116873
22,大直,875081
22,奇岩,346032
22,小南門,711988
22,小碧潭,253834
22,市政府,11706245
22,幸福,99633
22,府中,2632485
22,後山埤,989918
22,徐匯中學,573047
22,復興崗,123203
22,忠孝復興,9130678
22,忠孝敦化,6580723
22,忠孝新生,3712475
22,忠義,113657
22,文德,238524
22,新北投,390785
22,新北產業園區,176413
22,新埔,1970712
22,新埔民生,86741
22,新店,521801
22,新店區公所,398882
22,新莊,714117
22,昆陽,689276
22,明德,446760
22,景安,871012
22,景平,77755
22,景美,1133320
22,木柵,122515
22,東湖,313334
22,東門,2667459
22,松山,2712702
22,松山機場,411564
22,松江南京,3595427
22,板新,80697
22,橋和,56210
22,民權西路,2202930
22,永安市場,1145037
22,永寧,476191
22,永春,1336174
22,江子翠,1239384
22,海山,812746
22,淡水,2107615
22,港墘,925545
22,石牌,1706880
22,秀朗橋,47460
22,科技大樓,1380991
22,竹圍,389609
22,紅樹林,316822
22,芝山,2254508
22,菜寮,449964
22,萬芳社區,60365
22,萬芳醫院,591479
22,萬隆,452739
22,葫洲,293447
22,蘆洲,415250
22,行天宮,2329173
22,西湖,938845
22,西門,10312768
22,象山,1276508
22,輔大,1126405
22,辛亥,101961
22,迴龍,381466
22,關渡,558726
22,雙連,1991476
22,頂埔,220424
22,頂溪,1844596
22,頭前庄,339691
22,麟光,171019
22,龍山寺,1849129
23,BL板橋,1834299
23,Y板橋,281628
23,七張,348063
23,三和國中,224064
23,三民高中,198702
23,三重,272255
23,三重國小,289474
23,中原,31340
23,中和,67287
23,中山,2636930
23,中山國中,422216
23,中山國小,875785
23,中正紀念堂,838690
23,丹鳳,167203
23,亞東醫院,364493
23,信義安和,1049378
23,先嗇宮,112491
23,內湖,207608
23,公館,1730471
23,六張犁,367937
23,劍南路,776826
23,劍潭,2215580
23,動物園,93449
23,北投,342220
23,北門,460334
23,十四張,16189
23,南京三民,843474
23,南京復興,1782321
23,南勢角,396641
23,南港,702332
23,南港展覽館,612349
23,南港軟體園區,98492
23,古亭,1195727
23,台北101/世貿,2048232
23,台北小巨蛋,1408376
23,台北橋,426987
23,台北車站,8316966
23,台大醫院,662882
23,台電大樓,943047
23,唭哩岸,131041
23,善導寺,921805
23,國父紀念館,1314034
23,圓山,796738
23,土城,130375
23,士林,954222
23,大坪林,513020
23,大安,906072
23,大安森林公園,269100
23,大橋頭站,556909
23,大湖公園,48482
23,大直,299797
23,奇岩,149730
23,小南門,190217
23,小碧潭,76643
23,市政府,4093089
23,幸福,49489
23,府中,1049713
23,後山埤,492721
23,徐匯中學,245487
23,復興崗,65725
23,忠孝復興,3126683
23,忠孝敦化,2932266
23,忠孝新生,1510471
23,忠義,61375
23,文德,92693
23,新北投,166625
23,新北產業園區,92396
23,新埔,800723
23,新埔民生,39572
23,新店,245015
23,新店區公所,185826
23,新莊,334498
23,昆陽,352398
23,明德,170833
23,景安,416243
23,景平,43627
23,景美,499663
23,木柵,45180
23,東湖,136180
23,東門,993871
23,松山,1511534
23,松山機場,127130
23,松江南京,1495121
23,板新,37629
23,橋和,23586
23,民權西路,908396
23,永安市場,535580
23,永寧,264064
23,永春,573757
23,江子翠,579658
23,海山,351968
23,淡水,960836
23,港墘,348101
23,石牌,711382
23,秀朗橋,24510
23,科技大樓,508874
23,竹圍,186000
23,紅樹林,174477
23,芝山,731066
23,菜寮,213321
23,萬芳社區,31113
23,萬芳醫院,200424
23,萬隆,200876
23,葫洲,125716
23,蘆洲,201699
23,行天宮,1065977
23,西湖,385270
23,西門,5300874
23,象山,640170
23,輔大,499618
23,辛亥,41210
23,迴龍,176595
23,關渡,233159
23,雙連,949939
23,頂埔,116846
23,頂溪,850442
23,頭前庄,146512
23,麟光,82505
23,龍山寺,971391
